image_id,target_class,deletion_auc,insertion_auc
ISIC_0029836,1,0.19725202023983002,0.2569301426410675
ISIC_0032129,2,0.04029258340597153,0.12733401358127594
ISIC_0027815,2,0.2613551914691925,0.2085987627506256
ISIC_0029413,4,0.1247922033071518,0.09445696324110031
ISIC_0029576,2,0.09279447048902512,0.14001382887363434
ISIC_0025140,4,0.13683228194713593,0.11439387500286102
ISIC_0025554,2,0.028819650411605835,0.14702686667442322
ISIC_0029418,5,0.8682859539985657,0.7988201975822449
ISIC_0027455,5,0.7940478324890137,0.8463630080223083
ISIC_0033744,4,0.042782388627529144,0.07574047893285751
ISIC_0033659,0,0.04327751696109772,0.05153258144855499
ISIC_0033449,2,0.10101630538702011,0.17640496790409088
ISIC_0033676,2,0.11432014405727386,0.07024484127759933
ISIC_0028792,2,0.031219450756907463,0.17299364507198334
ISIC_0033397,2,0.1004716008901596,0.18874689936637878
ISIC_0033414,5,0.7236977219581604,0.8356595039367676
ISIC_0034113,2,0.07504130154848099,0.19461265206336975
ISIC_0029014,2,0.11118053644895554,0.15811307728290558
ISIC_0027513,2,0.12145340442657471,0.09042011201381683
ISIC_0028701,5,0.9327731132507324,0.8475576639175415
ISIC_0027139,5,0.8298245072364807,0.938845157623291
ISIC_0026844,3,0.006902841851115227,0.0194767564535141
ISIC_0025656,2,0.10400565713644028,0.14993515610694885
ISIC_0028336,3,0.010640640743076801,0.023422764614224434
ISIC_0024971,2,0.03995959833264351,0.08217255771160126
ISIC_0029522,5,0.7906737923622131,0.8552823066711426
ISIC_0027026,0,0.06282104551792145,0.04041271656751633
ISIC_0031060,2,0.07923050969839096,0.15654367208480835
ISIC_0030744,2,0.04641737788915634,0.10014658421278
ISIC_0029100,2,0.08222917467355728,0.04773268476128578
ISIC_0026443,2,0.036684975028038025,0.12555280327796936
ISIC_0024453,2,0.12630490958690643,0.1612791121006012
ISIC_0032006,2,0.07550384849309921,0.1335020512342453
ISIC_0028920,2,0.06033312901854515,0.20093509554862976
ISIC_0031770,3,0.021455327048897743,0.008097190409898758
ISIC_0031819,6,0.07582622766494751,0.05741294473409653
ISIC_0027706,2,0.04921628534793854,0.1259627640247345
ISIC_0027006,4,0.00416819890961051,0.04321979358792305
ISIC_0029596,2,0.03217758238315582,0.08995437622070312
ISIC_0031078,2,0.1263480931520462,0.07889934629201889
ISIC_0031464,2,0.09613990783691406,0.07187626510858536
ISIC_0024772,5,0.7937082052230835,0.749718964099884
ISIC_0025973,2,0.05416930466890335,0.10745419561862946
ISIC_0026614,2,0.049207549542188644,0.06466188281774521
ISIC_0029810,2,0.03450753167271614,0.10660538077354431
ISIC_0026316,2,0.08046694844961166,0.12613855302333832
ISIC_0024910,2,0.07537001371383667,0.22229968011379242
ISIC_0032024,2,0.02427542395889759,0.13088440895080566
ISIC_0030533,2,0.018290771171450615,0.06488675624132156
ISIC_0026365,1,0.08101965487003326,0.20862776041030884
ISIC_0031903,2,0.05731998011469841,0.1634608805179596
ISIC_0027064,5,0.8935671448707581,0.8009709119796753
ISIC_0030988,2,0.03560108691453934,0.10039595514535904
ISIC_0024336,2,0.041383977979421616,0.13765691220760345
ISIC_0030372,0,0.022123148664832115,0.0414491631090641
ISIC_0028404,5,0.8983986377716064,0.7721019387245178
ISIC_0029406,2,0.06111585721373558,0.22601519525051117
ISIC_0031980,2,0.09018723666667938,0.13198287785053253
ISIC_0026871,2,0.021788515150547028,0.0415022037923336
ISIC_0028236,5,0.9420357346534729,0.740789532661438
ISIC_0029612,1,0.02805349789559841,0.1896636188030243
ISIC_0028913,2,0.06155047193169594,0.06902126222848892
ISIC_0029443,1,0.03138873353600502,0.12001243233680725
ISIC_0025623,2,0.09495995938777924,0.20126430690288544
ISIC_0031465,2,0.07786218076944351,0.12814895808696747
ISIC_0027770,2,0.0747443214058876,0.15652072429656982
ISIC_0024709,3,0.009741663001477718,0.033560752868652344
ISIC_0024786,2,0.052847739309072495,0.15683159232139587
ISIC_0031037,5,0.8749176263809204,0.820289134979248
ISIC_0030383,2,0.0493457205593586,0.13958120346069336
ISIC_0025465,2,0.06032082810997963,0.19879773259162903
ISIC_0026277,2,0.10633131861686707,0.1288909614086151
ISIC_0025378,2,0.0656023770570755,0.17181551456451416
ISIC_0030394,2,0.08407080918550491,0.15629692375659943
ISIC_0027162,2,0.05603589862585068,0.20767715573310852
ISIC_0027270,2,0.10988137125968933,0.1725344955921173
ISIC_0031329,2,0.07767035067081451,0.185219869017601
ISIC_0025103,2,0.07483192533254623,0.3441540002822876
ISIC_0025710,2,0.05515458807349205,0.30447474122047424
ISIC_0028992,2,0.016274193301796913,0.09510848671197891
ISIC_0026351,2,0.031056707724928856,0.09408139437437057
ISIC_0026530,2,0.1098087877035141,0.12845323979854584
ISIC_0024409,2,0.07465580850839615,0.18252626061439514
ISIC_0029924,2,0.03362751007080078,0.11799827218055725
ISIC_0028309,2,0.1418868452310562,0.12448136508464813
ISIC_0027905,5,0.8739983439445496,0.8744422197341919
ISIC_0024909,2,0.09150508791208267,0.1721576452255249
ISIC_0028258,2,0.11887503415346146,0.20915551483631134
ISIC_0030630,2,0.010724682360887527,0.07305974513292313
ISIC_0032315,5,0.8202857375144958,0.8460484743118286
ISIC_0028411,2,0.1269579976797104,0.1365576535463333
ISIC_0032681,2,0.19887931644916534,0.10508382320404053
ISIC_0033509,2,0.14794908463954926,0.19213427603244781
ISIC_0032694,2,0.06439679861068726,0.1913520097732544
ISIC_0032827,2,0.20135922729969025,0.22956347465515137
ISIC_0033022,2,0.14013634622097015,0.169772207736969
ISIC_0033246,2,0.05093023180961609,0.17809219658374786
ISIC_0032843,2,0.07574357092380524,0.09755176305770874
ISIC_0031601,2,0.04926903918385506,0.10244667530059814
ISIC_0030323,2,0.03040999546647072,0.09477371722459793
ISIC_0032271,2,0.05342726409435272,0.1664750874042511
ISIC_0029801,2,0.11905926465988159,0.14079032838344574
ISIC_0028826,2,0.069795161485672,0.2021973431110382
ISIC_0026967,2,0.060124486684799194,0.16803893446922302
ISIC_0025131,2,0.10296570509672165,0.20910249650478363
ISIC_0030226,2,0.10196778178215027,0.18340140581130981
ISIC_0029676,2,0.15385693311691284,0.10773460566997528
ISIC_0029741,2,0.05301403999328613,0.17667825520038605
ISIC_0028925,2,0.0794813483953476,0.11995572596788406
ISIC_0031362,2,0.08823614567518234,0.09157393127679825
ISIC_0027613,3,0.01860397309064865,0.008490098640322685
ISIC_0032468,6,0.015527996234595776,0.040578003972768784
ISIC_0032642,3,0.015645788982510567,0.05885845422744751
ISIC_0033790,3,0.02807680517435074,0.06880559027194977
ISIC_0033675,3,0.006651788484305143,0.016263172030448914
ISIC_0032247,3,0.012620599009096622,0.016775308176875114
ISIC_0031429,3,0.00811645109206438,0.017602168023586273
ISIC_0030321,1,0.05772630497813225,0.048739638179540634
ISIC_0024318,3,0.05268115922808647,0.10251267999410629
ISIC_0024396,3,0.06291010230779648,0.14343734085559845
ISIC_0024553,5,0.8152494430541992,0.8221379518508911
ISIC_0025771,3,0.028673440217971802,0.10713452845811844
ISIC_0030443,5,0.7536669373512268,0.7485122680664062
ISIC_0031499,2,0.06162020191550255,0.08329945057630539
ISIC_0030060,4,0.31731367111206055,0.19530808925628662
ISIC_0030211,4,0.22792792320251465,0.13561031222343445
ISIC_0025603,5,0.7824191451072693,0.8147495985031128
ISIC_0024624,2,0.04995463788509369,0.08661393076181412
ISIC_0024951,4,0.0778723657131195,0.06441257894039154
ISIC_0030106,3,0.02448967844247818,0.04253215342760086
ISIC_0029370,4,0.068986676633358,0.1733718067407608
ISIC_0031958,4,0.07333257794380188,0.03320042043924332
ISIC_0028219,1,0.018372690305113792,0.03930298984050751
ISIC_0026314,5,0.734007716178894,0.8202914595603943
ISIC_0027033,5,0.882507860660553,0.748465895652771
ISIC_0027822,2,0.04334788769483566,0.1534346342086792
ISIC_0026247,5,0.9197942614555359,0.7663068771362305
ISIC_0028467,5,0.8369307518005371,0.7434654235839844
ISIC_0033312,4,0.07417946308851242,0.09061016142368317
ISIC_0029884,5,0.738675594329834,0.8253942131996155
ISIC_0028900,5,0.7056556344032288,0.8379382491111755
ISIC_0025489,5,0.8505014777183533,0.8626229166984558
ISIC_0025265,5,0.8711265325546265,0.9092163443565369
ISIC_0029909,2,0.0655403882265091,0.0983792319893837
ISIC_0033074,5,0.7931236028671265,0.9139017462730408
ISIC_0034087,5,0.9516061544418335,0.9218272566795349
ISIC_0032722,5,0.8040267825126648,0.919231116771698
ISIC_0033362,5,0.8311877846717834,0.9364061951637268
ISIC_0032602,4,0.13429193198680878,0.19481313228607178
ISIC_0032724,4,0.15721218287944794,0.11041953414678574
ISIC_0033129,4,0.06685682386159897,0.14416854083538055
ISIC_0033180,6,0.04424956813454628,0.11545756459236145
ISIC_0033962,5,0.6853212118148804,0.8358125686645508
ISIC_0033603,5,0.8340700268745422,0.8681075572967529
ISIC_0033337,5,0.7777926325798035,0.8889119029045105
ISIC_0033594,5,0.7512262463569641,0.9731776118278503
ISIC_0033241,5,0.7213574051856995,0.7498557567596436
ISIC_0032598,4,0.08245861530303955,0.1618434488773346
ISIC_0034289,5,0.63785320520401,0.891735851764679
ISIC_0033687,4,0.020632274448871613,0.04221242293715477
ISIC_0034085,4,0.06964237987995148,0.051021892577409744
ISIC_0028082,4,0.027721932157874107,0.10867925733327866
ISIC_0033863,5,0.7953125238418579,0.8189764022827148
ISIC_0034180,4,0.08237418532371521,0.09429221600294113
ISIC_0033267,4,0.046388838440179825,0.07467174530029297
ISIC_0033651,4,0.2539941370487213,0.08490083366632462
ISIC_0033304,4,0.1242499053478241,0.18852271139621735
ISIC_0033042,5,0.8893569707870483,0.8167188167572021
ISIC_0027402,5,0.7086268067359924,0.7431780099868774
ISIC_0032462,5,0.8303465843200684,0.9182026386260986
ISIC_0032982,5,0.9316080808639526,0.8650899529457092
ISIC_0033196,5,0.7292783856391907,0.87448650598526
ISIC_0032653,5,0.9150261282920837,0.8662770390510559
ISIC_0033392,4,0.177339106798172,0.13595521450042725
ISIC_0032873,4,0.1915116161108017,0.13340836763381958
ISIC_0032862,6,0.112781822681427,0.10677328705787659
ISIC_0033073,6,0.09613864123821259,0.1880032867193222
ISIC_0033696,6,0.10198599100112915,0.06717175245285034
ISIC_0033668,5,0.7843255996704102,0.8427891731262207
ISIC_0032690,5,0.9106689691543579,0.8085020184516907
ISIC_0032918,5,0.8589780330657959,0.8154335618019104
ISIC_0032807,4,0.01852276176214218,0.09064311534166336
ISIC_0032645,5,0.8823321461677551,0.9607305526733398
ISIC_0033394,4,0.05178660899400711,0.11902979761362076
ISIC_0034233,4,0.04985232651233673,0.17480073869228363
ISIC_0024640,4,0.1561054140329361,0.20544330775737762
ISIC_0026167,5,0.7433733940124512,0.9342727065086365
ISIC_0028984,5,0.8416922688484192,0.9268275499343872
ISIC_0032197,5,0.7945513725280762,0.7952257990837097
ISIC_0028965,4,0.15341611206531525,0.09594684839248657
ISIC_0027793,5,0.8873257040977478,0.9300376176834106
ISIC_0028003,5,0.7997398972511292,0.8829636573791504
ISIC_0027302,5,0.6853185296058655,0.9617172479629517
ISIC_0030932,4,0.01572335697710514,0.06936302781105042
ISIC_0032036,2,0.09607131034135818,0.18412163853645325
ISIC_0025748,5,0.8144627809524536,0.9426806569099426
ISIC_0026916,4,0.13103391230106354,0.0982651636004448
ISIC_0027863,0,0.018793227151036263,0.09768343716859818
ISIC_0026694,5,0.7136276960372925,0.8212234377861023
ISIC_0024313,5,0.7054735422134399,0.735375165939331
ISIC_0026774,5,0.8600857257843018,0.8659973740577698
ISIC_0030047,5,0.8132137656211853,0.8810734152793884
ISIC_0026571,4,0.04108639061450958,0.06365622580051422
ISIC_0030653,5,0.8171214461326599,0.8991992473602295
ISIC_0030950,4,0.05544785037636757,0.16040447354316711
ISIC_0028103,2,0.053835801780223846,0.0636436939239502
ISIC_0030255,5,0.9141944050788879,0.9133925437927246
ISIC_0029495,5,0.8824626207351685,0.8778722882270813
ISIC_0032269,3,0.006378352642059326,0.028911424800753593
ISIC_0031350,4,0.021325375884771347,0.13673155009746552
ISIC_0026930,5,0.761236310005188,0.9339701533317566
ISIC_0027350,5,0.7412528395652771,0.8844172954559326
ISIC_0028218,4,0.03800041973590851,0.021814772859215736
ISIC_0024805,4,0.059160441160202026,0.062136322259902954
ISIC_0030032,4,0.22908586263656616,0.051624853163957596
ISIC_0025543,2,0.06368689984083176,0.14262492954730988
ISIC_0032433,5,0.8401392698287964,0.8479315042495728
ISIC_0027480,5,0.8464787602424622,0.8370509743690491
ISIC_0031821,5,0.7637974619865417,0.8817200660705566
ISIC_0028026,4,0.07487896829843521,0.1117204874753952
ISIC_0027904,4,0.027307171374559402,0.03868155553936958
ISIC_0028666,2,0.1251680999994278,0.11536134034395218
ISIC_0026735,5,0.6265794634819031,0.778209924697876
ISIC_0031368,2,0.1970338374376297,0.15085262060165405
ISIC_0031900,4,0.04740295931696892,0.0798964872956276
ISIC_0025414,2,0.057834185659885406,0.07178957760334015
ISIC_0030925,2,0.09747812896966934,0.12476087361574173
ISIC_0031377,5,0.8694161176681519,0.823340117931366
ISIC_0030604,4,0.0205648522824049,0.1291571706533432
ISIC_0024958,5,0.7457715272903442,0.7338887453079224
ISIC_0028075,0,0.035662200301885605,0.03370099887251854
ISIC_0026823,4,0.035365838557481766,0.08368648588657379
ISIC_0028968,2,0.04331159219145775,0.08584923297166824
ISIC_0024739,2,0.2416549175977707,0.20401166379451752
ISIC_0029404,6,0.5814822316169739,0.06655409932136536
ISIC_0030275,6,0.3268865942955017,0.06671349704265594
ISIC_0032745,2,0.04274750128388405,0.07987658679485321
ISIC_0032557,6,0.03939620405435562,0.04151288419961929
ISIC_0033092,1,0.03297973424196243,0.0329509861767292
ISIC_0027210,6,0.09093113988637924,0.2067958265542984
ISIC_0025924,6,0.13725680112838745,0.11450061202049255
ISIC_0033817,6,0.03307435289025307,0.07275310158729553
ISIC_0030283,6,0.05072770267724991,0.08219467103481293
ISIC_0024475,6,0.05906670540571213,0.05940629169344902
ISIC_0028406,6,0.05375586822628975,0.08904939144849777
ISIC_0031215,6,0.14130377769470215,0.08631598204374313
ISIC_0031065,6,0.1270681917667389,0.15361721813678741
ISIC_0026467,6,0.07684346288442612,0.06502360105514526
ISIC_0034093,1,0.042841117829084396,0.09414798021316528
ISIC_0032384,1,0.035704098641872406,0.24383366107940674
ISIC_0027146,1,0.14309534430503845,0.15420782566070557
ISIC_0028807,1,0.030022049322724342,0.08887309581041336
ISIC_0024673,1,0.038841117173433304,0.11575809866189957
ISIC_0025932,1,0.10244012624025345,0.09569619596004486
ISIC_0028747,1,0.16629287600517273,0.10827794671058655
ISIC_0027433,1,0.1614123284816742,0.12388323992490768
ISIC_0029515,4,0.07031379640102386,0.08311151713132858
ISIC_0031284,1,0.05053766444325447,0.0607314258813858
ISIC_0031789,5,0.9278069138526917,0.8772298693656921
ISIC_0030659,0,0.022331546992063522,0.039429061114788055
ISIC_0026831,1,0.01841145195066929,0.18943855166435242
ISIC_0032482,6,0.021847009658813477,0.11716296523809433
ISIC_0029201,6,0.19199518859386444,0.12500396370887756
ISIC_0026439,2,0.029884472489356995,0.06832850724458694
ISIC_0029779,6,0.11890748888254166,0.08577381074428558
ISIC_0033720,1,0.09557418525218964,0.16817554831504822
ISIC_0034255,1,0.08462937921285629,0.11853885650634766
ISIC_0032834,1,0.05546221509575844,0.15804237127304077
ISIC_0031698,1,0.04297872632741928,0.11530806124210358
ISIC_0026192,1,0.02132488042116165,0.15713104605674744
ISIC_0031384,1,0.07557182759046555,0.23668043315410614
ISIC_0024332,1,0.04921916499733925,0.20522557199001312
ISIC_0030528,1,0.06789720058441162,0.06052630767226219
ISIC_0027846,1,0.08783946931362152,0.15773028135299683
ISIC_0032194,1,0.0694824755191803,0.18637745082378387
ISIC_0029489,1,0.059584759175777435,0.07129839807748795
ISIC_0025266,1,0.09765509516000748,0.09801801294088364
ISIC_0028989,1,0.027223791927099228,0.1281757801771164
ISIC_0031007,0,0.016178665682673454,0.05102194473147392
ISIC_0028329,1,0.03804386407136917,0.25311827659606934
ISIC_0027337,1,0.031661707907915115,0.10023914277553558
ISIC_0028084,1,0.056090179830789566,0.1360711306333542
ISIC_0026970,1,0.04807492345571518,0.16493771970272064
ISIC_0027629,1,0.03921574354171753,0.17612077295780182
ISIC_0031407,0,0.015345961786806583,0.03406134247779846
ISIC_0028652,1,0.04754738509654999,0.15971527993679047
ISIC_0024564,1,0.03213924169540405,0.0809786468744278
ISIC_0025322,1,0.046547919511795044,0.18440362811088562
ISIC_0031062,1,0.03354325518012047,0.07667499780654907
ISIC_0025818,1,0.0880359560251236,0.21801872551441193
ISIC_0030746,1,0.05535437539219856,0.15645776689052582
ISIC_0029342,3,0.0034385977778583765,0.011195302940905094
ISIC_0028577,1,0.02794448472559452,0.08075644820928574
ISIC_0026829,1,0.06718539446592331,0.2054276019334793
ISIC_0028122,1,0.044114116579294205,0.12718021869659424
ISIC_0031697,1,0.043556977063417435,0.07532807439565659
ISIC_0029917,1,0.10589850693941116,0.1728772670030594
ISIC_0027675,6,0.042390745133161545,0.0742960050702095
ISIC_0025031,1,0.03846738114953041,0.0864124596118927
ISIC_0031588,5,0.7335951924324036,0.9092292189598083
ISIC_0025311,5,0.8548387885093689,0.8789271712303162
ISIC_0026555,5,0.8625945448875427,0.9307019710540771
ISIC_0025457,5,0.8612672686576843,0.8458635210990906
ISIC_0029594,5,0.7277808785438538,0.741619348526001
ISIC_0029347,5,0.7198241949081421,0.9526835680007935
ISIC_0027315,5,0.8636500835418701,0.9753884077072144
ISIC_0024968,5,0.8281923532485962,0.8020810484886169
ISIC_0031403,5,0.8382285237312317,0.8387066721916199
ISIC_0031974,5,0.8610278367996216,0.8095380663871765
ISIC_0024896,5,0.8996811509132385,0.7720153331756592
ISIC_0029153,5,0.8934542536735535,0.968980610370636
ISIC_0029569,5,0.9573410749435425,0.8018292188644409
ISIC_0031895,5,0.8301389813423157,0.9165776968002319
ISIC_0027278,5,0.7220124006271362,0.8649231195449829
ISIC_0028090,5,0.8410348892211914,0.8545789122581482
ISIC_0030918,5,0.6857016682624817,0.9253813028335571
ISIC_0025161,5,0.7627896666526794,0.8537465333938599
ISIC_0031652,5,0.8360501527786255,0.9523157477378845
ISIC_0030846,5,0.8326947093009949,0.9483820199966431
ISIC_0025407,5,0.9228620529174805,0.9620368480682373
ISIC_0029998,5,0.8441064953804016,0.849522054195404
ISIC_0028359,5,0.7999549508094788,0.8293663263320923
ISIC_0032501,5,0.9441971182823181,0.8226736187934875
ISIC_0025487,5,0.899616003036499,0.9318239092826843
ISIC_0025287,5,0.6938157081604004,0.8045781254768372
ISIC_0031997,5,0.8576121926307678,0.8696945309638977
ISIC_0025675,5,0.904790997505188,0.9761456251144409
ISIC_0025142,5,0.7475590109825134,0.996650218963623
ISIC_0030016,5,0.7748405337333679,0.8766248226165771
ISIC_0026621,5,0.6207175850868225,0.8309080004692078
ISIC_0030599,5,0.9131264090538025,0.9749529957771301
ISIC_0032211,5,0.8945918083190918,0.8042399287223816
ISIC_0026565,5,0.8323676586151123,0.9256149530410767
ISIC_0025749,5,0.9628739356994629,0.9055228233337402
ISIC_0029336,5,0.8425021171569824,0.9212333559989929
ISIC_0025353,5,0.784428060054779,0.8949077129364014
ISIC_0024980,5,0.8266191482543945,0.8132494688034058
ISIC_0030128,5,0.9317461252212524,0.9444656372070312
ISIC_0028282,3,0.013052335008978844,0.025721201673150063
ISIC_0028639,5,0.8177188038825989,0.8494381904602051
ISIC_0031185,5,0.8165565729141235,0.9635233879089355
ISIC_0024369,5,0.8895881772041321,0.9529318809509277
ISIC_0028196,5,0.8935809135437012,0.9149348139762878
ISIC_0025966,6,0.03314868360757828,0.0224434956908226
ISIC_0030903,5,0.7954515814781189,0.9348621964454651
ISIC_0025994,5,0.8861414194107056,0.905942976474762
ISIC_0025056,5,0.8679629564285278,0.952634871006012
ISIC_0030322,5,0.8596354722976685,0.9543408155441284
ISIC_0031151,5,0.858744740486145,0.9139758348464966
ISIC_0031777,5,0.8609550595283508,0.9239923357963562
ISIC_0025558,5,0.6933876872062683,0.9243320822715759
ISIC_0026700,5,0.8108927011489868,0.9542310237884521
ISIC_0026594,5,0.8941855430603027,0.8423998951911926
ISIC_0029619,5,0.775787889957428,0.9494997262954712
ISIC_0030906,5,0.6981088519096375,0.9104692935943604
ISIC_0029675,5,0.9488143920898438,0.9553280472755432
ISIC_0030411,5,0.8986704349517822,0.8661167621612549
ISIC_0031219,5,0.798548698425293,0.9543294310569763
ISIC_0028108,5,0.8423341512680054,0.79736328125
ISIC_0030483,5,0.8269450068473816,0.8556104898452759
ISIC_0024421,5,0.8076204657554626,0.9189621806144714
ISIC_0027251,5,0.8593620657920837,0.9251289963722229
ISIC_0029618,5,0.7680686116218567,0.875913143157959
ISIC_0028613,5,0.842100977897644,0.8636108040809631
ISIC_0031102,5,0.8118202090263367,0.9542502760887146
ISIC_0025910,5,0.6677953600883484,0.8808491826057434
ISIC_0030547,5,0.745086133480072,0.8150672912597656
ISIC_0031288,5,0.7433118224143982,0.8049136400222778
ISIC_0031909,5,0.8900535702705383,0.8660221695899963
ISIC_0026822,5,0.7886080145835876,0.9088037610054016
ISIC_0024429,5,0.6945335865020752,0.9046638011932373
ISIC_0026225,5,0.8809239864349365,0.9026578664779663
ISIC_0026202,5,0.9517781138420105,0.9018465280532837
ISIC_0025116,5,0.8027794361114502,0.9483884572982788
ISIC_0025952,5,0.9556426405906677,0.901940107345581
ISIC_0027657,2,0.05456886813044548,0.10823056846857071
ISIC_0026540,5,0.7772552371025085,0.9128687977790833
ISIC_0030206,5,0.8053070306777954,0.9180350303649902
ISIC_0032071,5,0.6208956837654114,0.8090165853500366
ISIC_0026269,5,0.8355724811553955,0.9068474173545837
ISIC_0032484,5,0.9486172199249268,0.9219986796379089
ISIC_0026980,5,0.8504133224487305,0.7971743941307068
ISIC_0032202,5,0.7888623476028442,0.8890894651412964
ISIC_0027868,5,0.7607952952384949,0.8157933354377747
ISIC_0024465,5,0.728294849395752,0.805884599685669
ISIC_0031682,5,0.7288911938667297,0.8912512063980103
ISIC_0025738,5,0.7102040648460388,0.9102495312690735
ISIC_0030538,5,0.7983328104019165,0.9081207513809204
ISIC_0026112,5,0.8835144639015198,0.9000569581985474
ISIC_0027384,5,0.9324337840080261,0.9096211791038513
ISIC_0029490,5,0.8286651372909546,0.890932023525238
ISIC_0026241,5,0.8932645916938782,0.9673694968223572
ISIC_0026915,5,0.9336543083190918,0.8529095649719238
ISIC_0032263,5,0.9277801513671875,0.9144976735115051
ISIC_0032241,5,0.8890968561172485,0.8555774092674255
ISIC_0028177,5,0.9128594398498535,0.8236172795295715
ISIC_0028609,5,0.7995561957359314,0.822906494140625
ISIC_0026267,5,0.8659504652023315,0.8597104549407959
ISIC_0027405,5,0.8902915716171265,0.8728660941123962
ISIC_0029999,5,0.8966524600982666,0.8353859782218933
ISIC_0032108,5,0.8357186317443848,0.9448667764663696
ISIC_0026173,5,0.8377288579940796,0.939037024974823
ISIC_0026773,5,0.8238591551780701,0.873437762260437
ISIC_0024404,5,0.9433278441429138,0.7168378233909607
ISIC_0027971,5,0.86065274477005,0.9147913455963135
ISIC_0032056,5,0.7241015434265137,0.9913579225540161
ISIC_0025527,5,0.9760822653770447,0.8003851175308228
ISIC_0029508,5,0.9099677205085754,0.9629681706428528
ISIC_0031581,5,0.8018864989280701,0.9068731069564819
ISIC_0026368,5,0.8924122452735901,0.859187126159668
ISIC_0027712,5,0.8698388934135437,0.9450522661209106
ISIC_0026253,5,0.8322646617889404,0.7321967482566833
ISIC_0029167,5,0.8539790511131287,0.8745602965354919
ISIC_0027593,5,0.8656653761863708,0.8258997201919556
ISIC_0026570,5,0.8804478049278259,0.8172094225883484
ISIC_0030657,5,0.9190226793289185,0.811618983745575
ISIC_0030380,5,0.9369929432868958,0.8835517168045044
ISIC_0031656,5,0.8490883111953735,0.927013635635376
ISIC_0029871,5,0.8346319198608398,0.914313554763794
ISIC_0032339,5,0.8500859141349792,0.8632851243019104
ISIC_0026436,5,0.7506246566772461,0.8720976114273071
ISIC_0026240,5,0.7521227598190308,0.9303738474845886
ISIC_0031540,5,0.8667874336242676,0.914208173751831
ISIC_0031033,5,0.9395731091499329,0.936500608921051
ISIC_0030265,5,0.9197728633880615,0.7637869119644165
ISIC_0030248,5,0.8653715252876282,0.7259646058082581
ISIC_0032320,5,0.9596860408782959,0.8473716378211975
ISIC_0025236,5,0.9000401496887207,0.9584014415740967
ISIC_0024919,5,0.8200429081916809,0.9834170937538147
ISIC_0025844,5,0.7706366777420044,0.9715006947517395
ISIC_0030450,5,0.850567102432251,0.959719181060791
ISIC_0030916,5,0.8771558403968811,0.7906970381736755
ISIC_0027225,5,0.8222537636756897,0.8724585771560669
ISIC_0028275,5,0.8886680006980896,0.9320754408836365
ISIC_0024794,5,0.8841460943222046,0.8448039293289185
ISIC_0025649,5,0.8335161805152893,0.8901263475418091
ISIC_0025147,5,0.9209337830543518,0.9546113014221191
ISIC_0026983,5,0.8752294778823853,0.8013548851013184
ISIC_0029423,5,0.9349955916404724,0.8430715203285217
ISIC_0030385,5,0.8629880547523499,0.8717406392097473
ISIC_0025890,5,0.9128304123878479,0.9738232493400574
ISIC_0029556,5,0.7917789816856384,0.9914470314979553
ISIC_0028674,5,0.8154634833335876,0.9619606137275696
ISIC_0025430,5,0.9057253003120422,0.8024166822433472
ISIC_0026977,5,0.8901219964027405,0.9542046189308167
ISIC_0030220,5,0.8653457760810852,0.8652827739715576
ISIC_0031864,5,0.8414740562438965,0.9248830676078796
ISIC_0031816,5,0.9024308919906616,0.9321927428245544
ISIC_0029722,5,0.9323393106460571,0.8722387552261353
ISIC_0030975,5,0.9422422647476196,0.8617972731590271
ISIC_0032054,5,0.8568978309631348,0.9162895679473877
ISIC_0030342,5,0.9366812705993652,0.8811697959899902
ISIC_0028667,5,0.8541462421417236,0.8995992541313171
ISIC_0027032,5,0.9405074119567871,0.9045088887214661
ISIC_0030928,5,0.9116596579551697,0.8505135178565979
ISIC_0031128,5,0.9335812926292419,0.9027221202850342
ISIC_0029968,5,0.8792381286621094,0.9555297493934631
ISIC_0024826,5,0.8594032526016235,0.9722663164138794
ISIC_0024455,5,0.8729225397109985,0.7122939229011536
ISIC_0028501,5,0.9084314107894897,0.9565447568893433
ISIC_0029408,5,0.9239621162414551,0.9320693016052246
ISIC_0029684,5,0.8974995017051697,0.8045316934585571
ISIC_0028248,5,0.7694635987281799,0.9248291254043579
ISIC_0028997,5,0.9680714011192322,0.9066543579101562
ISIC_0027785,5,0.8089520335197449,0.8593312501907349
ISIC_0026999,5,0.8229826092720032,0.982988178730011
ISIC_0029762,5,0.9272961020469666,0.8856239318847656
ISIC_0025632,5,0.8983676433563232,0.9258922934532166
ISIC_0024939,5,0.8594621419906616,0.8887742757797241
ISIC_0032106,5,0.8719382286071777,0.7999683022499084
ISIC_0030368,5,0.7790034413337708,0.9131636619567871
ISIC_0030087,5,0.9534609317779541,0.9560856223106384
ISIC_0027833,2,0.01067076250910759,0.07045069336891174
ISIC_0028875,5,0.7558972239494324,0.970464289188385
ISIC_0031939,5,0.966312825679779,0.8829070925712585
ISIC_0027173,5,0.8714755177497864,0.9091182351112366
ISIC_0028907,5,0.8339650630950928,0.7991011738777161
ISIC_0026748,5,0.9808903336524963,0.9661164283752441
ISIC_0026312,5,0.8401113152503967,0.8982449769973755
ISIC_0024659,5,0.9743005633354187,0.9107394814491272
ISIC_0032053,5,0.8771112561225891,0.9798291921615601
ISIC_0030327,5,0.838895857334137,0.959844172000885
ISIC_0025733,5,0.7859671711921692,0.7911246418952942
ISIC_0026686,5,0.822429358959198,0.7302619218826294
ISIC_0026155,5,0.894625186920166,0.8743494153022766
ISIC_0024737,5,0.9297589063644409,0.9324241280555725
ISIC_0026127,5,0.9024505019187927,0.8976900577545166
ISIC_0030398,5,0.9555943012237549,0.9337676763534546
ISIC_0028187,5,0.8431152105331421,0.8249585032463074
ISIC_0025190,5,0.8167233467102051,0.7992557883262634
ISIC_0029086,5,0.8797035217285156,0.8194045424461365
ISIC_0031992,5,0.8935233354568481,0.8899804949760437
ISIC_0029019,5,0.7888984084129333,0.8057912588119507
ISIC_0028278,5,0.866044819355011,0.8195023536682129
ISIC_0031551,5,0.7934128642082214,0.9397163391113281
ISIC_0030924,5,0.8541934490203857,0.9049426317214966
ISIC_0027289,5,0.9335921406745911,0.8024383187294006
ISIC_0028382,5,0.9016515612602234,0.939133882522583
ISIC_0027508,5,0.7809026837348938,0.9039301872253418
ISIC_0029433,5,0.7893592119216919,0.9296598434448242
ISIC_0026418,5,0.7989758253097534,0.8175622820854187
ISIC_0030252,5,0.8476285934448242,0.8068909049034119
ISIC_0028000,5,0.894707977771759,0.9030568599700928
ISIC_0024844,5,0.7935320138931274,0.9455634951591492
ISIC_0031574,5,0.9335988163948059,0.9709831476211548
ISIC_0026917,5,0.984657883644104,0.8600393533706665
ISIC_0030304,5,0.9303998351097107,0.8310359120368958
ISIC_0030779,5,0.832092821598053,0.9864180684089661
ISIC_0025962,5,0.9071792960166931,0.961682140827179
ISIC_0024347,5,0.7837367653846741,0.7851837277412415
ISIC_0025382,5,0.9330201148986816,0.8278036117553711
ISIC_0027131,5,0.8843594789505005,0.9171294569969177
ISIC_0031324,5,0.8739832639694214,0.939013659954071
ISIC_0029158,5,0.8306552171707153,0.9396155476570129
ISIC_0031514,5,0.9069617986679077,0.8242282271385193
ISIC_0028753,5,0.9311882257461548,0.8641022443771362
ISIC_0027746,5,0.8758327960968018,0.8593442440032959
ISIC_0026612,5,0.9187713265419006,0.921828031539917
ISIC_0030671,5,0.8396462202072144,0.9873523116111755
ISIC_0026662,5,0.9332780838012695,0.8136858344078064
ISIC_0030686,5,0.9081274271011353,0.904594898223877
ISIC_0030881,5,0.7515032291412354,0.8552520871162415
ISIC_0025750,5,0.9131338000297546,0.9329760074615479
ISIC_0025821,5,0.917854905128479,0.933716356754303
ISIC_0030716,5,0.8738385438919067,0.842216968536377
ISIC_0028096,5,0.8550381660461426,0.9714632630348206
ISIC_0025111,0,0.019674228504300117,0.016357962042093277
ISIC_0031902,5,0.945641279220581,0.7631787061691284
ISIC_0029283,5,0.8791773319244385,0.9178932905197144
ISIC_0025502,5,0.9571555256843567,0.8754107356071472
ISIC_0025163,5,0.9062927961349487,0.8700310587882996
ISIC_0026997,5,0.9124611020088196,0.9098935127258301
ISIC_0032105,5,0.9499683976173401,0.8778964281082153
ISIC_0030419,5,0.8946161866188049,0.9460683465003967
ISIC_0030474,5,0.8998808860778809,0.8591880798339844
ISIC_0031280,5,0.8912787437438965,0.8597661256790161
ISIC_0024438,5,0.9018193483352661,0.8781794309616089
ISIC_0029769,5,0.8896868228912354,0.9017166495323181
ISIC_0025110,5,0.8322340250015259,0.8764191269874573
ISIC_0025895,5,0.8904389142990112,0.9746655821800232
ISIC_0030201,5,0.8705010414123535,0.9000877141952515
ISIC_0025537,5,0.86409991979599,0.751029372215271
ISIC_0025802,5,0.8986679911613464,0.8148671984672546
ISIC_0030864,5,0.882209300994873,0.9514743089675903
ISIC_0027761,5,0.9370023012161255,0.8607989549636841
ISIC_0029284,5,0.9444683790206909,0.8886666297912598
ISIC_0024801,5,0.8210009932518005,0.8716679215431213
ISIC_0031683,5,0.940428614616394,0.9203022718429565
ISIC_0025282,5,0.9664085507392883,0.9229485392570496
ISIC_0026287,5,0.8128374814987183,0.9075737595558167
ISIC_0024530,5,0.9668533205986023,0.8407348990440369
ISIC_0030017,5,0.8966023921966553,0.8893318176269531
ISIC_0030489,5,0.7797828316688538,0.8727890849113464
ISIC_0028434,5,0.7715285420417786,0.882716953754425
ISIC_0032438,5,0.8662915229797363,0.87047278881073
ISIC_0027292,5,0.882652759552002,0.8922001719474792
ISIC_0031397,5,0.8239989876747131,0.9224124550819397
ISIC_0030001,5,0.9595085978507996,0.9118779897689819
ISIC_0027792,5,0.8083537220954895,0.9588635563850403
ISIC_0031983,5,0.9031341075897217,0.740239143371582
ISIC_0028040,5,0.8770161271095276,0.9470537900924683
ISIC_0025479,5,0.8218495845794678,0.9610717296600342
ISIC_0028638,5,0.8942362070083618,0.7377375364303589
ISIC_0031307,5,0.9041808843612671,0.9017869830131531
ISIC_0030647,5,0.9024304151535034,0.818413257598877
ISIC_0026563,5,0.8557558655738831,0.947540819644928
ISIC_0031696,5,0.8444063067436218,0.9252252578735352
ISIC_0030185,5,0.8971728086471558,0.9603986144065857
ISIC_0028312,5,0.9466072916984558,0.9590345025062561
ISIC_0032012,5,0.9308908581733704,0.8948290348052979
ISIC_0024750,5,0.9115148186683655,0.8718595504760742
ISIC_0028722,5,0.87810218334198,0.7814801931381226
ISIC_0030917,5,0.8908562660217285,0.8917145133018494
ISIC_0030637,5,0.9106773734092712,0.9686567187309265
ISIC_0031098,5,0.9381053447723389,0.9561071395874023
ISIC_0031246,5,0.9180071949958801,0.9688384532928467
ISIC_0024527,5,0.9515140056610107,0.9367541670799255
ISIC_0025464,5,0.7321487069129944,0.8479219675064087
ISIC_0027499,5,0.8355849981307983,0.9715294241905212
ISIC_0025595,5,0.8326997756958008,0.9624376893043518
ISIC_0026464,5,0.9298902750015259,0.8945261240005493
ISIC_0024521,5,0.7995939254760742,0.9134121537208557
ISIC_0026793,5,0.7730108499526978,0.909295916557312
ISIC_0025797,5,0.9031880497932434,0.9564385414123535
ISIC_0030568,5,0.7993309497833252,0.9838582873344421
ISIC_0030433,5,0.9657386541366577,0.9388238787651062
ISIC_0025688,5,0.8961633443832397,0.9548260569572449
ISIC_0024533,5,0.9301099181175232,0.955537736415863
ISIC_0025004,5,0.8797134160995483,0.8060157895088196
ISIC_0028522,5,0.9076709151268005,0.8472704887390137
ISIC_0028144,5,0.85958331823349,0.9757423400878906
ISIC_0026609,5,0.9040094614028931,0.7922576069831848
ISIC_0025441,5,0.7964683175086975,0.8325304388999939
ISIC_0024487,5,0.9285878539085388,0.8886515498161316
ISIC_0025273,5,0.9026016592979431,0.8531484603881836
ISIC_0031458,5,0.9079337120056152,0.9449717402458191
ISIC_0028112,5,0.7949526309967041,0.9277184009552002
ISIC_0028641,5,0.8124608397483826,0.8754793405532837
ISIC_0031605,5,0.9592223167419434,0.8264160752296448
ISIC_0031356,5,0.8187732100486755,0.9446233510971069
ISIC_0031850,5,0.8977968096733093,0.9300448894500732
ISIC_0025995,5,0.915497362613678,0.8007489442825317
ISIC_0029716,5,0.6582422256469727,0.8636597394943237
ISIC_0028922,5,0.9060430526733398,0.8206745982170105
ISIC_0027286,5,0.8190890550613403,0.9330546259880066
ISIC_0031826,5,0.8991976976394653,0.8298570513725281
ISIC_0024678,5,0.8890637159347534,0.9532629251480103
ISIC_0029965,5,0.9145544171333313,0.8908858299255371
ISIC_0028838,5,0.8817318677902222,0.9378399848937988
ISIC_0030946,5,0.9371556639671326,0.8851804733276367
ISIC_0028038,5,0.9785491228103638,0.9477527141571045
ISIC_0026396,5,0.7905644178390503,0.9756290912628174
ISIC_0030317,5,0.800633430480957,0.8382707834243774
ISIC_0026005,5,0.8009986281394958,0.9120620489120483
ISIC_0026001,5,0.9643557667732239,0.8828673958778381
ISIC_0031562,5,0.8863314390182495,0.8810356855392456
ISIC_0026568,5,0.8580414056777954,0.8855923414230347
ISIC_0027267,5,0.852886974811554,0.986362636089325
ISIC_0031877,5,0.8694411516189575,0.9621915817260742
ISIC_0025042,5,0.8150249123573303,0.8458304405212402
ISIC_0027803,5,0.7640984058380127,0.8184367418289185
ISIC_0028039,5,0.8486542701721191,0.9135823249816895
ISIC_0030044,5,0.7983390688896179,0.9379057884216309
ISIC_0029253,5,0.9349355101585388,0.9791369438171387
ISIC_0026271,5,0.9658387899398804,0.8977490067481995
ISIC_0026547,5,0.8686621785163879,0.8699218034744263
ISIC_0025215,5,0.9128488302230835,0.9614893794059753
ISIC_0029700,5,0.9076332449913025,0.8912875056266785
ISIC_0025021,5,0.9004119038581848,0.8225100040435791
ISIC_0027404,5,0.8130487203598022,0.8628562092781067
ISIC_0030590,5,0.8636919260025024,0.9213393330574036
ISIC_0032326,5,0.9858466386795044,0.8241156935691833
ISIC_0032383,5,0.9148691892623901,0.9771314263343811
ISIC_0024812,5,0.8622392416000366,0.8905930519104004
ISIC_0024478,5,0.8783695697784424,0.8704875111579895
ISIC_0031911,5,0.8734377026557922,0.9184949994087219
ISIC_0030699,5,0.8450759649276733,0.8776981830596924
ISIC_0027464,5,0.8338657021522522,0.8786987066268921
ISIC_0025478,5,0.8862577676773071,0.8827654719352722
ISIC_0029164,5,0.8759884238243103,0.9473828673362732
ISIC_0031084,5,0.9068734049797058,0.8900864124298096
ISIC_0029507,5,0.9256032705307007,0.9145520329475403
ISIC_0032418,5,0.7895957231521606,0.8968204855918884
ISIC_0032324,5,0.8536326289176941,0.9035634994506836
ISIC_0024892,5,0.7506833672523499,0.8006592392921448
ISIC_0026969,5,0.8393095135688782,0.943764328956604
ISIC_0032261,5,0.8151596188545227,0.9856868386268616
ISIC_0032354,5,0.959833562374115,0.9166942238807678
ISIC_0025399,5,0.9377427101135254,0.8443616628646851
ISIC_0025229,5,0.9047039747238159,0.8483493328094482
ISIC_0029259,5,0.796795129776001,0.8783630728721619
ISIC_0028654,5,0.9801729917526245,0.9554045796394348
ISIC_0027088,5,0.8340578675270081,0.9115877151489258
ISIC_0031920,5,0.9510757923126221,0.936651349067688
ISIC_0028053,5,0.8305306434631348,0.8826584219932556
ISIC_0026176,5,0.7769350409507751,0.8798688054084778
ISIC_0029098,5,0.9226748943328857,0.908320963382721
ISIC_0032118,5,0.795659601688385,0.8150359392166138
ISIC_0025912,5,0.8170374631881714,0.9745330810546875
ISIC_0024655,5,0.8973493576049805,0.9451572895050049
ISIC_0032282,5,0.8864777088165283,0.8144391179084778
ISIC_0029750,5,0.9292704463005066,0.8365132808685303
ISIC_0024991,5,0.8838252425193787,0.8661483526229858
ISIC_0031805,5,0.8889656662940979,0.9323655962944031
ISIC_0032392,5,0.7960214614868164,0.9397464394569397
ISIC_0029799,5,0.764410138130188,0.8958835005760193
ISIC_0028452,5,0.8332806825637817,0.8496233820915222
ISIC_0030449,5,0.81403648853302,0.8969148397445679
ISIC_0030831,5,0.8686257004737854,0.9791114926338196
ISIC_0030278,5,0.9380947947502136,0.930827796459198
ISIC_0024717,5,0.8740069270133972,0.8260654807090759
ISIC_0025669,5,0.9526748657226562,0.935350775718689
ISIC_0028724,5,0.7484252452850342,0.8138728141784668
ISIC_0029869,5,0.7999182939529419,0.8462237119674683
ISIC_0032428,5,0.8102378249168396,0.8442592024803162
ISIC_0032342,5,0.7034929394721985,0.8977575302124023
ISIC_0032209,5,0.6740995049476624,0.8075762391090393
ISIC_0028194,1,0.19436150789260864,0.07170284539461136
ISIC_0027848,5,0.9160362482070923,0.8101677298545837
ISIC_0028971,5,0.783783495426178,0.9136594533920288
ISIC_0028633,6,0.008523345924913883,0.048433974385261536
ISIC_0027235,5,0.7656412720680237,0.8161699175834656
ISIC_0027152,5,0.7512624263763428,0.8713724613189697
ISIC_0028453,6,0.024945370852947235,0.10719911754131317
ISIC_0028154,6,0.029283840209245682,0.11012925952672958
ISIC_0025943,5,0.9432182908058167,0.8379091024398804
ISIC_0025568,5,0.8930225968360901,0.8375694155693054
ISIC_0026887,5,0.9475324749946594,0.8002781867980957
ISIC_0027284,5,0.8043292164802551,0.8994433283805847
ISIC_0024697,5,0.7079752683639526,0.9477167129516602
ISIC_0031705,5,0.9313135147094727,0.8125701546669006
ISIC_0031435,5,0.9090756177902222,0.8099039793014526
ISIC_0028401,5,0.8208888173103333,0.7702420353889465
ISIC_0030371,5,0.9363253712654114,0.8325915336608887
ISIC_0029475,5,0.8091012835502625,0.9005213975906372
ISIC_0029894,5,0.8528956770896912,0.763703465461731
ISIC_0029986,4,0.07223815470933914,0.2660365700721741
ISIC_0027010,5,0.871333122253418,0.7377650141716003
ISIC_0025335,2,0.019045883789658546,0.08416436612606049
ISIC_0025869,5,0.7871098518371582,0.8949551582336426
ISIC_0030688,5,0.6351199746131897,0.9029673933982849
ISIC_0029825,5,0.7488469481468201,0.8314284682273865
ISIC_0024855,5,0.8415047526359558,0.9095672369003296
ISIC_0026497,5,0.9019569754600525,0.6422267556190491
ISIC_0025129,5,0.8807999491691589,0.794441819190979
ISIC_0027049,5,0.8571227788925171,0.9220100045204163
ISIC_0027768,5,0.8548284769058228,0.8263516426086426
ISIC_0027410,5,0.7870854735374451,0.9336899518966675
ISIC_0027907,5,0.7309816479682922,0.873010516166687
ISIC_0025870,5,0.8682916760444641,0.8787198066711426
ISIC_0031380,6,0.08100377023220062,0.12982729077339172
ISIC_0026777,5,0.8573459982872009,0.9444664716720581
ISIC_0031268,5,0.9448569416999817,0.8782809376716614
ISIC_0025327,5,0.8567165732383728,0.8287836313247681
ISIC_0026839,4,0.03711898624897003,0.12679286301136017
ISIC_0029402,5,0.934359073638916,0.7305480241775513
ISIC_0027571,5,0.8686674237251282,0.8504143357276917
ISIC_0025812,5,0.9391658306121826,0.7544705271720886
ISIC_0029357,5,0.9253479838371277,0.893969714641571
ISIC_0031674,5,0.9289868474006653,0.8345265984535217
ISIC_0025834,5,0.8832311034202576,0.9811474680900574
ISIC_0030303,2,0.07310831546783447,0.20705418288707733
ISIC_0033347,6,0.04946363717317581,0.054520461708307266
ISIC_0032668,5,0.8644225597381592,0.9316622614860535
ISIC_0032891,5,0.8550018072128296,0.8766518235206604
ISIC_0033227,5,0.7380862832069397,0.9103765487670898
ISIC_0033365,5,0.773682713508606,0.8162956237792969
ISIC_0032739,5,0.8309605717658997,0.8477879166603088
ISIC_0032874,4,0.13339492678642273,0.15898734331130981
ISIC_0028110,5,0.10217563807964325,0.8869931101799011
ISIC_0033919,5,0.7506812214851379,0.8908939957618713
ISIC_0033640,5,0.7163785696029663,0.9409070014953613
ISIC_0033927,5,0.7840352654457092,0.9526215195655823
ISIC_0033511,5,0.8592836856842041,0.6985226273536682
ISIC_0025786,5,0.8069773316383362,0.9075533151626587
ISIC_0025525,5,0.8354608416557312,0.8764285445213318
ISIC_0025871,5,0.8967929482460022,0.8749389052391052
ISIC_0031988,5,0.8901073932647705,0.8339555859565735
ISIC_0025001,5,0.8571686148643494,0.8585022687911987
ISIC_0028800,5,0.888944149017334,0.7979143261909485
ISIC_0032374,3,0.005348572973161936,0.008854047395288944
ISIC_0025855,5,0.9105575084686279,0.8557662963867188
ISIC_0025541,5,0.941947877407074,0.6659156084060669
ISIC_0025117,5,0.9626656174659729,0.724298357963562
ISIC_0032641,5,0.8646011352539062,0.8076311945915222
ISIC_0033345,5,0.7029485106468201,0.7805407643318176
ISIC_0032785,5,0.9136410355567932,0.9124046564102173
ISIC_0032563,5,0.8819827437400818,0.9325156211853027
ISIC_0033071,5,0.9180321097373962,0.9327700734138489
ISIC_0033233,5,0.7021675109863281,0.9359126687049866
ISIC_0032770,5,0.881837010383606,0.9132387638092041
ISIC_0034184,5,0.7943512201309204,0.7732710838317871
ISIC_0033632,1,0.03181055188179016,0.04245416820049286
ISIC_0034025,5,0.930927038192749,0.9540739059448242
ISIC_0033182,5,0.9122039079666138,0.8196662068367004
ISIC_0033906,5,0.9665800333023071,0.8346601128578186
ISIC_0033298,5,0.8123438954353333,0.9370096325874329
ISIC_0034210,5,0.8229634761810303,0.791687548160553
ISIC_0032822,5,0.7976150512695312,0.8268435597419739
ISIC_0033283,5,0.8889284133911133,0.859281063079834
ISIC_0033359,5,0.8059437870979309,0.7880797386169434
ISIC_0033933,5,0.6761029362678528,0.8395745158195496
ISIC_0033447,5,0.6582741737365723,0.8817290663719177
ISIC_0033639,5,0.7949066162109375,0.8893849849700928
ISIC_0033384,5,0.8046752214431763,0.795002818107605
ISIC_0032830,5,0.7624264359474182,0.8663831949234009
ISIC_0034213,3,0.21126702427864075,0.020612075924873352
ISIC_0032561,5,0.9509450793266296,0.9191546440124512
ISIC_0033839,5,0.1308346688747406,0.8783047199249268
ISIC_0032649,5,0.9303833246231079,0.9047040343284607
ISIC_0034109,5,0.7707083821296692,0.9528131484985352
ISIC_0033439,5,0.8981814980506897,0.9097480177879333
ISIC_0033214,5,0.7515102028846741,0.9169754981994629
ISIC_0033255,5,0.8709655404090881,0.8248148560523987
ISIC_0033229,5,0.9887404441833496,0.9621078372001648
ISIC_0025769,5,0.9365103840827942,0.8409302234649658
ISIC_0032909,5,0.7981933355331421,0.8782815933227539
ISIC_0033134,5,0.7876425981521606,0.9077136516571045
ISIC_0034301,5,0.9052225947380066,0.9396334290504456
ISIC_0033406,5,0.7684829235076904,0.8234965205192566
ISIC_0033493,5,0.8947758078575134,0.7670119404792786
ISIC_0033007,2,0.06416460871696472,0.08538442850112915
ISIC_0032995,5,0.8698387145996094,0.9330528974533081
ISIC_0032754,5,0.9188647270202637,0.9382689595222473
ISIC_0032714,5,0.897191047668457,0.9846181869506836
ISIC_0033083,5,0.8085682392120361,0.9357266426086426
ISIC_0033133,5,0.9558154344558716,0.8653494119644165
ISIC_0033352,5,0.830501139163971,0.8136847615242004
ISIC_0032574,5,0.9131687879562378,0.9193295836448669
ISIC_0033398,5,0.9500569105148315,0.8860155940055847
ISIC_0033244,5,0.9382741451263428,0.8658556938171387
ISIC_0033013,5,0.9195083975791931,0.8126879334449768
ISIC_0032809,5,0.8817749619483948,0.7486027479171753
ISIC_0034220,5,0.7587018609046936,0.8768371343612671
ISIC_0032973,5,0.7285144329071045,0.8991585373878479
ISIC_0033425,5,0.8428905010223389,0.8537675738334656
ISIC_0032886,5,0.7901800274848938,0.8749768733978271
ISIC_0032581,5,0.820477306842804,0.9460644125938416
ISIC_0034271,5,0.8971822261810303,0.9341587424278259
ISIC_0033532,4,0.0644935891032219,0.12846942245960236
ISIC_0032713,5,0.9505637288093567,0.8767901659011841
ISIC_0034247,5,0.8553779125213623,0.8472513556480408
ISIC_0033455,4,0.026330120861530304,0.076207235455513
ISIC_0034056,5,0.7880294322967529,0.9200170636177063
ISIC_0033148,5,0.8848209977149963,0.8966110348701477
ISIC_0033109,5,0.8543185591697693,0.7923164963722229
ISIC_0032986,5,0.8973648548126221,0.8864443898200989
ISIC_0034249,5,0.845801591873169,0.9106698036193848
ISIC_0033036,5,0.7841405272483826,0.8786100149154663
ISIC_0033955,5,0.8412818908691406,0.8884881734848022
ISIC_0033822,5,0.8083023428916931,0.8137848377227783
ISIC_0030447,5,0.8393661379814148,0.8667401075363159
ISIC_0032519,1,0.035684455186128616,0.051533203572034836
ISIC_0034090,1,0.027699097990989685,0.24855872988700867
ISIC_0033177,5,0.7244690656661987,0.8206776976585388
ISIC_0033086,5,0.7718238830566406,0.7859687805175781
ISIC_0032720,5,0.6696184873580933,0.9195223450660706
ISIC_0033873,5,0.8774980902671814,0.7219548225402832
ISIC_0032510,5,0.6762875914573669,0.8514297604560852
ISIC_0033033,5,0.8837550282478333,0.8599188923835754
ISIC_0033390,5,0.8254381418228149,0.9382244944572449
ISIC_0033836,5,0.9565533995628357,0.9126046895980835
ISIC_0029531,5,0.6145132184028625,0.8841687440872192
ISIC_0030961,4,0.061853840947151184,0.12135756760835648
ISIC_0025993,5,0.7231932878494263,0.7483097910881042
ISIC_0030771,5,0.6856368184089661,0.7955845594406128
ISIC_0026402,5,0.8315383791923523,0.8121264576911926
ISIC_0028487,5,0.7005791068077087,0.8465287089347839
ISIC_0028573,5,0.4480634927749634,0.811194896697998
ISIC_0025734,5,0.7515209913253784,0.7695976495742798
ISIC_0027285,5,0.8374572992324829,0.8020711541175842
ISIC_0029572,5,0.8313865065574646,0.704023003578186
ISIC_0031079,5,0.8268537521362305,0.9016954302787781
ISIC_0028524,5,0.7870822548866272,0.8684753775596619
ISIC_0029450,5,0.8247601389884949,0.8085070252418518
ISIC_0027887,5,0.8664013743400574,0.9234028458595276
ISIC_0024928,5,0.8930308818817139,0.8228434324264526
ISIC_0025545,5,0.8984394669532776,0.8251965045928955
ISIC_0032003,5,0.9151715040206909,0.7969999313354492
ISIC_0027658,5,0.8785780072212219,0.8754668235778809
ISIC_0028678,5,0.8656554222106934,0.8737513422966003
ISIC_0030610,5,0.7989680767059326,0.9739091992378235
ISIC_0024694,5,0.7739425301551819,0.9779912233352661
ISIC_0024721,5,0.9225707650184631,0.8910847306251526
ISIC_0028999,5,0.6960921287536621,0.777026355266571
ISIC_0032355,5,0.7826545834541321,0.9100398421287537
ISIC_0031092,5,0.8637436032295227,0.8579328060150146
ISIC_0028450,5,0.7100544571876526,0.8446921706199646
ISIC_0032184,5,0.7662850022315979,0.9376288652420044
ISIC_0028825,5,0.8075129985809326,0.9225136637687683
ISIC_0025742,5,0.8053617477416992,0.8407821655273438
ISIC_0032141,5,0.8942715525627136,0.9193054437637329
ISIC_0029528,5,0.9249454140663147,0.8384429216384888
ISIC_0025960,5,0.8788792490959167,0.9129493236541748
ISIC_0031302,5,0.862415611743927,0.9403306841850281
ISIC_0029457,5,0.9110450744628906,0.7634972333908081
ISIC_0027237,4,0.02060190960764885,0.0779198706150055
ISIC_0030296,5,0.8118568062782288,0.834796130657196
ISIC_0027671,5,0.8198461532592773,0.8621752858161926
ISIC_0026546,5,0.8075668811798096,0.9283764958381653
ISIC_0030796,5,0.8867498636245728,0.9325307607650757
ISIC_0028408,5,0.8619609475135803,0.8364924788475037
ISIC_0029298,5,0.7407204508781433,0.894879937171936
ISIC_0026222,5,0.8556035161018372,0.9123406410217285
ISIC_0032243,5,0.9625095725059509,0.8462005853652954
ISIC_0028675,5,0.9252832531929016,0.8188804984092712
ISIC_0026226,5,0.9376322627067566,0.8752156496047974
ISIC_0028174,1,0.07636246085166931,0.050205107778310776
ISIC_0024566,1,0.10916142910718918,0.1699059009552002
ISIC_0025112,1,0.01875939406454563,0.0488068088889122
ISIC_0030180,5,0.9155840277671814,0.9087519645690918
ISIC_0026043,5,0.8496197462081909,0.9360905289649963
ISIC_0030115,5,0.7033206224441528,0.9008033275604248
ISIC_0029898,5,0.8539560437202454,0.8927608132362366
ISIC_0024599,1,0.01840282790362835,0.030781086534261703
ISIC_0029286,5,0.8531590700149536,0.8841333389282227
ISIC_0028378,5,0.8191255331039429,0.963909924030304
ISIC_0026852,5,0.7036305069923401,0.94216388463974
ISIC_0026491,0,0.015251226723194122,0.023783614858984947
ISIC_0029975,5,0.8418436646461487,0.9530006051063538
ISIC_0031042,4,0.0112290745601058,0.05696801096200943
ISIC_0026818,5,0.29597172141075134,0.8487612009048462
ISIC_0026610,5,0.5748649835586548,0.9023022055625916
ISIC_0028032,5,0.6920602917671204,0.8775289058685303
ISIC_0026998,6,0.05650682747364044,0.11096575856208801
ISIC_0032218,1,0.07910677790641785,0.025153564289212227
ISIC_0028905,5,0.940417468547821,0.9645960330963135
ISIC_0030313,6,0.04859137162566185,0.08582689613103867
ISIC_0025579,5,0.7362419366836548,0.9682393074035645
ISIC_0025542,5,0.8494262099266052,0.6945319175720215
ISIC_0025000,5,0.882885754108429,0.7767444252967834
ISIC_0026805,5,0.7184887528419495,0.9190369248390198
ISIC_0024680,5,0.7126922607421875,0.9884325861930847
ISIC_0029465,4,0.020930614322423935,0.015191758051514626
ISIC_0031644,5,0.8100336790084839,0.9979057908058167
ISIC_0027036,5,0.8475614786148071,0.8998845219612122
ISIC_0024684,2,0.24913375079631805,0.17737482488155365
ISIC_0032233,5,0.8439549803733826,0.8879387378692627
ISIC_0028116,5,0.7692422866821289,0.9450750350952148
ISIC_0030251,5,0.866998016834259,0.9207664132118225
ISIC_0027109,5,0.7819710373878479,0.8811482787132263
ISIC_0029095,5,0.9323347210884094,0.9088646173477173
ISIC_0024441,5,0.868739902973175,0.8478699326515198
ISIC_0031249,5,0.8284671306610107,0.8561045527458191
ISIC_0031121,5,0.8660695552825928,0.771227240562439
ISIC_0032034,5,0.8851067423820496,0.8907561898231506
ISIC_0028602,5,0.8905535936355591,0.9362251162528992
ISIC_0030817,5,0.7879116535186768,0.9434146285057068
ISIC_0029470,5,0.7372896671295166,0.9494703412055969
ISIC_0024998,5,0.790698766708374,0.8250414133071899
ISIC_0030603,2,0.1107434555888176,0.15550437569618225
ISIC_0032186,5,0.8023350238800049,0.8484646677970886
ISIC_0028243,4,0.032741907984018326,0.09574884176254272
ISIC_0025436,5,0.8262602090835571,0.8232958912849426
ISIC_0026179,5,0.8030527830123901,0.8447180986404419
ISIC_0032035,4,0.017548784613609314,0.09408163279294968
ISIC_0027351,5,0.7962890267372131,0.8458279371261597
ISIC_0024922,5,0.8397493958473206,0.8673182129859924
ISIC_0031913,4,0.055001549422740936,0.02467210963368416
ISIC_0031039,5,0.9224352836608887,0.9422083497047424
ISIC_0026665,5,0.941993772983551,0.9258377552032471
ISIC_0030176,5,0.9431559443473816,0.8964856266975403
ISIC_0028947,5,0.9314090013504028,0.8219218850135803
ISIC_0027783,5,0.9219790101051331,0.7935889959335327
ISIC_0029208,5,0.9289815425872803,0.9047493934631348
ISIC_0028884,5,0.9033873677253723,0.8904998898506165
ISIC_0028785,5,0.9445722699165344,0.8885144591331482
ISIC_0028477,5,0.9387478828430176,0.8381329774856567
ISIC_0024577,5,0.9199119806289673,0.8241492509841919
ISIC_0031602,4,0.06992107629776001,0.11174662411212921
ISIC_0024683,4,0.024490393698215485,0.01897471956908703
ISIC_0028720,5,0.8984098434448242,0.932158350944519
ISIC_0026318,5,0.8542830944061279,0.8761146664619446
ISIC_0026942,5,0.8971155285835266,0.9135849475860596
ISIC_0030410,5,0.8142746090888977,0.8297941088676453
ISIC_0030336,5,0.9424433708190918,0.7947371602058411
ISIC_0027970,5,0.9093177914619446,0.8264579176902771
ISIC_0028658,5,0.7038906812667847,0.8255215883255005
ISIC_0026190,5,0.8304603695869446,0.8434471487998962
ISIC_0025881,5,0.7998006343841553,0.8521337509155273
ISIC_0029537,5,0.9339067339897156,0.8555942177772522
ISIC_0032706,5,0.793585479259491,0.8968232870101929
ISIC_0034270,5,0.8681488037109375,0.9102119207382202
ISIC_0032837,5,0.7633757591247559,0.8689566850662231
ISIC_0032682,5,0.9280805587768555,0.8301712870597839
ISIC_0034053,5,0.9329614639282227,0.8676877021789551
ISIC_0033588,5,0.8543379902839661,0.8608559370040894
ISIC_0033144,5,0.8821259140968323,0.8471959829330444
ISIC_0032543,5,0.7236343622207642,0.8830837607383728
ISIC_0032528,5,0.748420774936676,0.6934971809387207
ISIC_0032523,5,0.9003951549530029,0.8484797477722168
ISIC_0033159,5,0.9158623218536377,0.8949294686317444
ISIC_0033542,5,0.8458894491195679,0.7751363515853882
ISIC_0032748,5,0.787163496017456,0.8718799948692322
ISIC_0033842,5,0.8866114616394043,0.8499380350112915
ISIC_0032923,5,0.9282938241958618,0.9472697377204895
ISIC_0033896,5,0.9134960770606995,0.8260264992713928
ISIC_0033208,5,0.9138613343238831,0.7876887321472168
ISIC_0034309,5,0.8010304570198059,0.8400943279266357
ISIC_0034248,5,0.6642142534255981,0.7922279834747314
ISIC_0033772,5,0.7383848428726196,0.893674910068512
ISIC_0033383,5,0.7963501214981079,0.8224087357521057
ISIC_0033858,5,0.8184601664543152,0.8157280683517456
ISIC_0032634,5,0.799011766910553,0.8543913960456848
ISIC_0033982,5,0.8103418350219727,0.8268747329711914
ISIC_0027138,6,0.020347991958260536,0.10728738456964493
ISIC_0024757,4,0.12365473806858063,0.11855423450469971
ISIC_0031216,5,0.894366979598999,0.7907691597938538
ISIC_0031769,5,0.8210844993591309,0.8237580060958862
ISIC_0030693,2,0.06886027753353119,0.16864095628261566
ISIC_0025178,0,0.00869768112897873,0.03654149919748306
ISIC_0028730,5,0.8574432730674744,0.903050422668457
ISIC_0033456,0,0.018372859805822372,0.07696721702814102
ISIC_0030297,0,0.0522717647254467,0.07565756142139435
ISIC_0025539,4,0.12698280811309814,0.056869521737098694
ISIC_0031738,4,0.032000236213207245,0.03929132968187332
ISIC_0032349,1,0.20687979459762573,0.09699388593435287
ISIC_0030827,0,0.015643080696463585,0.0643266811966896
ISIC_0028372,0,0.048116449266672134,0.028277510777115822
ISIC_0027506,0,0.036653999239206314,0.026148596778512
ISIC_0025825,0,0.04238402470946312,0.09401759505271912
ISIC_0029932,0,0.0215559471398592,0.03108321875333786
ISIC_0024575,0,0.06140698865056038,0.0537029467523098
ISIC_0027172,0,0.04035765677690506,0.06802890449762344
ISIC_0033494,0,0.03042287938296795,0.031700875610113144
ISIC_0033413,0,0.048792969435453415,0.04940328374505043
ISIC_0031672,2,0.016293738037347794,0.06388538330793381
ISIC_0030986,0,0.03576433286070824,0.05660242587327957
ISIC_0031431,0,0.019756939262151718,0.036925721913576126
ISIC_0025247,1,0.10254891961812973,0.09808129817247391
ISIC_0029043,3,0.016556978225708008,0.03587092086672783
ISIC_0025029,5,0.9489326477050781,0.8872047066688538
ISIC_0026388,2,0.012450926005840302,0.07038440555334091
ISIC_0029549,1,0.05351915955543518,0.10929060727357864
ISIC_0024329,0,0.03734321892261505,0.024881863966584206
ISIC_0024925,0,0.0074278381653130054,0.029613899067044258
ISIC_0030344,0,0.020692143589258194,0.0862213671207428
ISIC_0024511,5,0.9053802490234375,0.7847933769226074
ISIC_0027334,1,0.017226988449692726,0.050162579864263535
ISIC_0030133,0,0.023622797802090645,0.07778220623731613
ISIC_0030877,0,0.022632870823144913,0.0587768517434597
ISIC_0027950,4,0.018688177689909935,0.026592541486024857
