image_id,iou,pointing_game_hit,heatmap_positive_fraction
ISIC_0024313,0.5383697813121272,True,0.20001594387755103
ISIC_0024318,0.2897328573187246,True,0.20001594387755103
ISIC_0024329,0.2657576537175199,False,0.20001594387755103
ISIC_0024332,0.07307390280080273,False,0.20001594387755103
ISIC_0024336,0.24329779852393868,False,0.20009566326530612
ISIC_0024347,0.7764367816091954,True,0.20001594387755103
ISIC_0024369,0.2908666786291046,False,0.20001594387755103
ISIC_0024396,0.3101460796979032,False,0.20001594387755103
ISIC_0024404,0.2621301185613231,True,0.20001594387755103
ISIC_0024409,0.16451360344490115,False,0.20001594387755103
ISIC_0024421,0.24268347591175146,False,0.20001594387755103
ISIC_0024429,0.05533046732440541,False,0.20001594387755103
ISIC_0024438,0.1971207841268761,True,0.20015545280612246
ISIC_0024441,0.3274282223579719,False,0.20001594387755103
ISIC_0024453,0.17206210675867667,False,0.20001594387755103
ISIC_0024455,0.29867112721865996,False,0.20001594387755103
ISIC_0024465,0.13610140570407087,False,0.20001594387755103
ISIC_0024475,0.2399883642005236,True,0.20009566326530612
ISIC_0024478,0.3366290457979666,True,0.20001594387755103
ISIC_0024487,0.48176927674835623,True,0.2000358737244898
ISIC_0024511,0.09221761405220785,True,0.20001594387755103
ISIC_0024521,0.23053208495090202,True,0.20001594387755103
ISIC_0024527,0.15696082561078348,False,0.20001594387755103
ISIC_0024530,0.2436484798000833,False,0.20001594387755103
ISIC_0024533,0.44906637086337586,False,0.20001594387755103
ISIC_0024553,0.1794829775902331,False,0.20001594387755103
ISIC_0024564,0.02942830365510778,False,0.2001155931122449
ISIC_0024566,0.20153965919903122,False,0.20001594387755103
ISIC_0024575,0.36108857585367654,True,0.20001594387755103
ISIC_0024577,0.39697090474292546,True,0.20001594387755103
ISIC_0024599,0.3058893047075044,False,0.20001594387755103
ISIC_0024624,0.31769844284086596,False,0.2001355229591837
ISIC_0024640,0.14189149816444263,False,0.20001594387755103
ISIC_0024655,0.1853040922450825,False,0.20015545280612246
ISIC_0024659,0.21656490576055215,False,0.2001355229591837
ISIC_0024673,0.0855594893251797,False,0.20005580357142858
ISIC_0024678,0.5459724950884086,True,0.20001594387755103
ISIC_0024680,0.5538185801055462,True,0.20015545280612246
ISIC_0024683,0.1675966520526106,True,0.20001594387755103
ISIC_0024684,0.17611491185738212,True,0.20001594387755103
ISIC_0024694,0.29513956666016006,False,0.20001594387755103
ISIC_0024697,0.34449377975119005,True,0.20001594387755103
ISIC_0024709,0.15213013168086753,False,0.20001594387755103
ISIC_0024717,0.054227100483470535,False,0.20001594387755103
ISIC_0024721,0.17040970079644113,True,0.20001594387755103
ISIC_0024737,0.4227803045283765,True,0.20001594387755103
ISIC_0024739,0.12348352350018045,True,0.20001594387755103
ISIC_0024750,0.2585615071445677,False,0.20001594387755103
ISIC_0024757,0.8177245289921347,False,0.20001594387755103
ISIC_0024772,0.26868844327924607,True,0.20001594387755103
ISIC_0024786,0.15524519667021738,False,0.20001594387755103
ISIC_0024794,0.05025777975594377,False,0.20001594387755103
ISIC_0024801,0.33253485658129106,False,0.2001355229591837
ISIC_0024805,0.5843184868042687,True,0.20001594387755103
ISIC_0024812,0.2960226437288634,True,0.20001594387755103
ISIC_0024826,0.5452569916855631,True,0.20001594387755103
ISIC_0024844,0.044987601842012045,False,0.20015545280612246
ISIC_0024855,0.5507682851874616,True,0.20001594387755103
ISIC_0024892,0.5819821382120871,False,0.20001594387755103
ISIC_0024896,0.10142472850453323,True,0.2000358737244898
ISIC_0024909,0.2666714062277833,False,0.20001594387755103
ISIC_0024910,0.0030843614538179393,False,0.20007573341836735
ISIC_0024919,0.12748388236333127,False,0.20001594387755103
ISIC_0024922,0.4037530864197531,True,0.20009566326530612
ISIC_0024925,0.3067108637188067,False,0.2001155931122449
ISIC_0024928,0.5498664991361709,True,0.20001594387755103
ISIC_0024939,0.27995110024449876,False,0.20001594387755103
ISIC_0024951,0.30828304991771804,False,0.20001594387755103
ISIC_0024958,0.2008059100067159,False,0.20005580357142858
ISIC_0024968,0.30213611525086936,False,0.20009566326530612
ISIC_0024971,0.5009096923585842,False,0.20001594387755103
ISIC_0024980,0.5640264271397818,False,0.20001594387755103
ISIC_0024991,0.4292463115051966,False,0.20001594387755103
ISIC_0024998,0.38005199716379107,False,0.20001594387755103
ISIC_0025000,0.10123555201275408,True,0.20001594387755103
ISIC_0025001,0.058888003188521325,True,0.20001594387755103
ISIC_0025004,0.34868306296877727,False,0.20001594387755103
ISIC_0025021,0.035267215854123304,False,0.20001594387755103
ISIC_0025029,0.045067815314513544,False,0.20015545280612246
ISIC_0025031,0.1448387551049148,False,0.20001594387755103
ISIC_0025042,0.4471432167128115,False,0.20001594387755103
ISIC_0025056,0.38003983790095475,True,0.20001594387755103
ISIC_0025103,0.09311322426318587,False,0.20001594387755103
ISIC_0025110,0.26777442522629724,False,0.20001594387755103
ISIC_0025111,0.0512759146797499,False,0.2000358737244898
ISIC_0025112,0.10083720930232558,False,0.2000358737244898
ISIC_0025116,0.16312427409988386,False,0.20001594387755103
ISIC_0025117,0.11897170187325627,True,0.20001594387755103
ISIC_0025129,0.2203541583764425,True,0.20001594387755103
ISIC_0025131,0.2322461694958357,False,0.20001594387755103
ISIC_0025140,0.15077528349919,False,0.20001594387755103
ISIC_0025142,0.35226760436389865,True,0.20001594387755103
ISIC_0025147,0.4819824266956264,True,0.20001594387755103
ISIC_0025161,0.7324247964101712,False,0.20001594387755103
ISIC_0025163,0.009454073593474836,False,0.20001594387755103
ISIC_0025178,0.15804109377413872,False,0.20001594387755103
ISIC_0025190,0.31467064215117885,False,0.20001594387755103
ISIC_0025215,0.36717361248271774,True,0.20001594387755103
ISIC_0025229,0.16075102880658437,True,0.20001594387755103
ISIC_0025236,0.412172878667724,True,0.20001594387755103
ISIC_0025247,0.046912889386308526,False,0.20001594387755103
ISIC_0025265,0.1586337382991436,True,0.2001355229591837
ISIC_0025266,0.26763650856915105,True,0.20001594387755103
ISIC_0025273,0.06892096837611639,False,0.20001594387755103
ISIC_0025282,0.2505483792347063,False,0.2000358737244898
ISIC_0025287,0.5007405944504789,False,0.20001594387755103
ISIC_0025311,0.6637910752097874,True,0.2001355229591837
ISIC_0025322,0.04439758033187191,False,0.20001594387755103
ISIC_0025327,0.228990257670946,False,0.20001594387755103
ISIC_0025335,0.3160621761658031,True,0.20001594387755103
ISIC_0025353,0.008110065170166545,False,0.20001594387755103
ISIC_0025378,0.14557592666400956,False,0.20001594387755103
ISIC_0025382,0.428978622327791,True,0.2001355229591837
ISIC_0025399,0.10467647827222851,False,0.20001594387755103
ISIC_0025407,0.4378357997926289,False,0.20001594387755103
ISIC_0025414,0.1294392854611186,True,0.20001594387755103
ISIC_0025430,0.062033790245457444,False,0.20001594387755103
ISIC_0025436,0.28402344198873863,False,0.20001594387755103
ISIC_0025441,0.3270912645333882,False,0.20001594387755103
ISIC_0025457,0.10298407000224366,False,0.2001355229591837
ISIC_0025464,0.1491805046366185,False,0.2001355229591837
ISIC_0025465,0.18297369198935856,False,0.20001594387755103
ISIC_0025478,0.05654697914427005,False,0.20001594387755103
ISIC_0025479,0.14412902783960552,False,0.20001594387755103
ISIC_0025487,0.10792698061691902,False,0.20001594387755103
ISIC_0025489,0.6051590441525558,True,0.20001594387755103
ISIC_0025502,0.36438820247110404,True,0.20001594387755103
ISIC_0025525,0.1666998804304504,True,0.20001594387755103
ISIC_0025527,0.04722004486850285,False,0.20001594387755103
ISIC_0025537,0.5918863002608618,True,0.20001594387755103
ISIC_0025539,0.6536782538399353,False,0.20001594387755103
ISIC_0025541,0.45956980681139215,True,0.20001594387755103
ISIC_0025542,0.13071012412395508,False,0.20001594387755103
ISIC_0025543,0.06393145493491514,False,0.20009566326530612
ISIC_0025545,0.5739892451702848,True,0.20001594387755103
ISIC_0025554,0.18003387466374415,False,0.20001594387755103
ISIC_0025558,0.12116528636416657,False,0.20001594387755103
ISIC_0025568,0.025209246711837385,True,0.20001594387755103
ISIC_0025579,0.5112599495243642,False,0.20001594387755103
ISIC_0025595,0.39684041933605124,False,0.20001594387755103
ISIC_0025603,0.49469470741470234,True,0.20001594387755103
ISIC_0025623,0.07361894341104845,False,0.20001594387755103
ISIC_0025632,0.631638418079096,True,0.2001155931122449
ISIC_0025649,0.22694485379663384,False,0.20005580357142858
ISIC_0025656,0.421671704560389,True,0.20001594387755103
ISIC_0025669,0.11679992731237507,False,0.20001594387755103
ISIC_0025675,0.41923076923076924,True,0.20001594387755103
ISIC_0025688,0.14938751120406335,True,0.2001155931122449
ISIC_0025710,0.09260197035263788,False,0.20005580357142858
ISIC_0025733,0.3202096680256261,False,0.20001594387755103
ISIC_0025734,0.10432162696544582,True,0.20009566326530612
ISIC_0025738,0.11493276716206653,False,0.20001594387755103
ISIC_0025742,0.22970923715962285,False,0.20001594387755103
ISIC_0025748,0.4170329992380283,False,0.20001594387755103
ISIC_0025749,0.2354834715859849,False,0.20001594387755103
ISIC_0025750,0.12658525129168624,False,0.20001594387755103
ISIC_0025769,0.108509366281387,True,0.20001594387755103
ISIC_0025771,0.23210121557926072,False,0.20001594387755103
ISIC_0025786,0.08419689119170984,True,0.20001594387755103
ISIC_0025797,0.6043918918918919,True,0.20001594387755103
ISIC_0025802,0.33172026225413676,False,0.20001594387755103
ISIC_0025812,0.3752612200218927,True,0.20001594387755103
ISIC_0025818,0.4459668211431258,False,0.20001594387755103
ISIC_0025821,0.5521460477762672,True,0.20001594387755103
ISIC_0025825,0.15245154741389486,True,0.20001594387755103
ISIC_0025834,0.4011143977436885,False,0.20001594387755103
ISIC_0025844,0.1838830584707646,True,0.20001594387755103
ISIC_0025855,0.23886428757488928,False,0.20001594387755103
ISIC_0025869,0.4111280230001691,True,0.20001594387755103
ISIC_0025870,0.40035922766052984,False,0.20005580357142858
ISIC_0025871,0.5390593862096453,True,0.20001594387755103
ISIC_0025881,0.2090012944339341,True,0.20015545280612246
ISIC_0025890,0.0657823005633291,False,0.20001594387755103
ISIC_0025895,0.5021444790177445,True,0.20001594387755103
ISIC_0025910,0.48918336393390277,False,0.20001594387755103
ISIC_0025912,0.4063850808941583,True,0.2000358737244898
ISIC_0025924,0.5525109605420486,True,0.20001594387755103
ISIC_0025932,0.34967495676030297,True,0.20001594387755103
ISIC_0025943,0.051509415163893596,True,0.2000358737244898
ISIC_0025952,0.4457759646438892,False,0.2001355229591837
ISIC_0025960,0.17823903992162626,False,0.2000358737244898
ISIC_0025962,0.09073778117024069,False,0.20001594387755103
ISIC_0025966,0.12569304819350516,False,0.20001594387755103
ISIC_0025973,0.10578288166072498,False,0.20001594387755103
ISIC_0025993,0.05962966358052984,True,0.20015545280612246
ISIC_0025994,0.48107465192751697,True,0.20001594387755103
ISIC_0025995,0.2884150030248034,False,0.2000358737244898
ISIC_0026001,0.48387911440356934,False,0.20001594387755103
ISIC_0026005,0.5019054878048781,False,0.20001594387755103
ISIC_0026043,0.5025341130604288,True,0.20001594387755103
ISIC_0026112,0.17745597349205375,False,0.20001594387755103
ISIC_0026127,0.10133567662565905,False,0.20009566326530612
ISIC_0026155,0.304735758407687,True,0.20001594387755103
ISIC_0026167,0.05241978945855639,False,0.20009566326530612
ISIC_0026173,0.07497236629538305,False,0.20001594387755103
ISIC_0026176,0.10315155807365439,False,0.20001594387755103
ISIC_0026179,0.7197408461764995,True,0.20001594387755103
ISIC_0026190,0.5733762384621899,True,0.20001594387755103
ISIC_0026192,0.20784313725490197,False,0.20005580357142858
ISIC_0026202,0.1033043870531183,False,0.20007573341836735
ISIC_0026222,0.45896758973206764,True,0.20001594387755103
ISIC_0026225,0.6183108159106347,True,0.20001594387755103
ISIC_0026226,0.11310576582950124,False,0.20001594387755103
ISIC_0026240,0.28278475017759885,False,0.20001594387755103
ISIC_0026241,0.49871919441745427,False,0.20001594387755103
ISIC_0026247,0.08863658998107758,True,0.2001155931122449
ISIC_0026253,0.12459782442163321,False,0.2001155931122449
ISIC_0026267,0.06672929655250946,False,0.20001594387755103
ISIC_0026269,0.5018920533758215,True,0.20005580357142858
ISIC_0026271,0.35917106705190793,True,0.2000358737244898
ISIC_0026277,0.11512343213230007,False,0.2001155931122449
ISIC_0026287,0.09889208042675421,False,0.2000358737244898
ISIC_0026312,0.4311478676763651,True,0.20001594387755103
ISIC_0026314,0.07114388202471104,True,0.20001594387755103
ISIC_0026316,0.25057849539774774,True,0.20001594387755103
ISIC_0026318,0.7153647752394989,True,0.20001594387755103
ISIC_0026351,0.2823461759631972,False,0.20001594387755103
ISIC_0026365,0.25559738458490194,True,0.20001594387755103
ISIC_0026368,0.46540221120853986,True,0.20001594387755103
ISIC_0026388,0.040759743777685715,False,0.20001594387755103
ISIC_0026396,0.1601450299006451,False,0.20001594387755103
ISIC_0026402,0.395874850538063,True,0.20001594387755103
ISIC_0026418,0.06651127944726547,False,0.2000358737244898
ISIC_0026436,0.22334447684757094,False,0.20001594387755103
ISIC_0026439,0.03247965699269265,False,0.20001594387755103
ISIC_0026443,0.39031997227677023,True,0.20001594387755103
ISIC_0026464,0.2961339178955759,True,0.20001594387755103
ISIC_0026467,0.30709445994420087,True,0.20001594387755103
ISIC_0026491,0.14318728935965336,False,0.20001594387755103
ISIC_0026497,0.41440813072937427,True,0.20001594387755103
ISIC_0026530,0.10525531492151798,False,0.20001594387755103
ISIC_0026540,0.6252365302260731,True,0.20001594387755103
ISIC_0026546,0.5330253464852042,False,0.20001594387755103
ISIC_0026547,0.07566057502037016,False,0.20001594387755103
ISIC_0026555,0.16692089779908476,False,0.20001594387755103
ISIC_0026563,0.11773481890613592,False,0.2001355229591837
ISIC_0026565,0.19386133928269614,False,0.20015545280612246
ISIC_0026568,0.3269093504639543,False,0.20001594387755103
ISIC_0026570,0.3518666059640337,True,0.20001594387755103
ISIC_0026571,0.1143361938414942,False,0.20005580357142858
ISIC_0026594,0.16850287259209193,True,0.20001594387755103
ISIC_0026609,0.19873110654972942,False,0.20001594387755103
ISIC_0026610,0.171527950310559,False,0.20001594387755103
ISIC_0026612,0.33496898435330064,False,0.20001594387755103
ISIC_0026614,0.06716340141725718,False,0.20001594387755103
ISIC_0026621,0.10396392889580901,False,0.20001594387755103
ISIC_0026662,0.05462873471445981,False,0.20001594387755103
ISIC_0026665,0.40565037122746117,False,0.20001594387755103
ISIC_0026686,0.06819856635626717,False,0.20001594387755103
ISIC_0026694,0.5345800122624157,True,0.20001594387755103
ISIC_0026700,0.11237151834691378,False,0.20009566326530612
ISIC_0026735,0.1232322795485015,False,0.20001594387755103
ISIC_0026748,0.1370416636049673,False,0.20001594387755103
ISIC_0026773,0.44736409919527015,False,0.20009566326530612
ISIC_0026774,0.4050138271011182,True,0.20001594387755103
ISIC_0026777,0.14114962512224274,False,0.20001594387755103
ISIC_0026793,0.1070683788826693,False,0.20001594387755103
ISIC_0026805,0.7267289413307112,True,0.20001594387755103
ISIC_0026818,0.7618377483443709,True,0.20001594387755103
ISIC_0026822,0.3270935960591133,False,0.2001155931122449
ISIC_0026823,0.13398042143686742,False,0.20001594387755103
ISIC_0026829,0.17439395946482977,True,0.2001355229591837
ISIC_0026831,0.17028048537895366,False,0.20001594387755103
ISIC_0026839,0.43185858186845744,False,0.20001594387755103
ISIC_0026844,0.27060653188180406,False,0.20001594387755103
ISIC_0026852,0.5753514220333442,False,0.20001594387755103
ISIC_0026871,0.003644275224367691,False,0.2000358737244898
ISIC_0026887,0.1328420633339972,True,0.2001355229591837
ISIC_0026915,0.408126680609501,True,0.20007573341836735
ISIC_0026916,0.31717141578397734,False,0.20001594387755103
ISIC_0026917,0.6611329015780352,True,0.20001594387755103
ISIC_0026930,0.32492436810773884,False,0.20015545280612246
ISIC_0026942,0.44884077409465417,True,0.20001594387755103
ISIC_0026967,0.10145674585387718,False,0.20001594387755103
ISIC_0026969,0.4774121583937535,False,0.20001594387755103
ISIC_0026970,0.24902080250674558,False,0.20001594387755103
ISIC_0026977,0.4324106423004569,False,0.20001594387755103
ISIC_0026980,0.3696363286511449,True,0.20001594387755103
ISIC_0026983,0.13133468473274298,False,0.20001594387755103
ISIC_0026997,0.11876800354531354,False,0.20001594387755103
ISIC_0026998,0.4166002391390992,True,0.20001594387755103
ISIC_0026999,0.12185272180327193,False,0.2001355229591837
ISIC_0027006,0.07305407463823306,False,0.20001594387755103
ISIC_0027010,0.20526106018333998,True,0.20001594387755103
ISIC_0027026,0.13827290860025812,False,0.2000358737244898
ISIC_0027032,0.2543578629982097,False,0.20001594387755103
ISIC_0027033,0.37250510506554246,False,0.20001594387755103
ISIC_0027036,0.5262452535179808,False,0.20001594387755103
ISIC_0027049,0.3113115075475397,True,0.20001594387755103
ISIC_0027064,0.041014168530947054,False,0.20007573341836735
ISIC_0027088,0.3240540540540541,False,0.20001594387755103
ISIC_0027109,0.35239834663077957,True,0.2001155931122449
ISIC_0027131,0.01979674422882369,False,0.20001594387755103
ISIC_0027138,0.320346751693902,True,0.20001594387755103
ISIC_0027139,0.1057483930211203,False,0.2000358737244898
ISIC_0027146,0.3436738519212746,False,0.20001594387755103
ISIC_0027152,0.49665551839464883,False,0.20001594387755103
ISIC_0027162,0.056601223262257964,False,0.20001594387755103
ISIC_0027172,0.007952961968528023,False,0.20007573341836735
ISIC_0027173,0.28457003716519286,False,0.20001594387755103
ISIC_0027210,0.18742526903148665,True,0.20001594387755103
ISIC_0027225,0.1783988442186021,False,0.20007573341836735
ISIC_0027235,0.46492626544440013,True,0.20001594387755103
ISIC_0027237,0.0934161131966503,False,0.20001594387755103
ISIC_0027251,0.14708276797829037,False,0.20015545280612246
ISIC_0027267,0.40073624386463447,True,0.20001594387755103
ISIC_0027270,0.2643989887382211,False,0.20001594387755103
ISIC_0027278,0.19395639288738356,True,0.20001594387755103
ISIC_0027284,0.6762966553562773,True,0.20001594387755103
ISIC_0027285,0.024624894073077115,False,0.20001594387755103
ISIC_0027286,0.37903128397149416,False,0.20001594387755103
ISIC_0027289,0.23761020285885476,False,0.20001594387755103
ISIC_0027292,0.21272998508204874,True,0.20005580357142858
ISIC_0027302,0.19858373205741628,False,0.20001594387755103
ISIC_0027315,0.48724565756823823,True,0.2000358737244898
ISIC_0027334,0.039545531626250637,False,0.20001594387755103
ISIC_0027337,0.11106886354034642,False,0.20001594387755103
ISIC_0027350,0.4663853457370289,True,0.20001594387755103
ISIC_0027351,0.5665993502502414,True,0.20001594387755103
ISIC_0027384,0.25980496078015686,False,0.20001594387755103
ISIC_0027402,0.4189269451593744,True,0.20001594387755103
ISIC_0027404,0.018992509496254747,False,0.20001594387755103
ISIC_0027405,0.3110731018070945,False,0.2001355229591837
ISIC_0027410,0.10273017138302112,True,0.20001594387755103
ISIC_0027433,0.15104976220856048,False,0.20001594387755103
ISIC_0027455,0.3173986654715666,False,0.2001155931122449
ISIC_0027464,0.515588765782015,True,0.20001594387755103
ISIC_0027480,0.11998979624374223,False,0.20001594387755103
ISIC_0027499,0.018669394614738228,False,0.20001594387755103
ISIC_0027506,0.0426518615284128,False,0.2000358737244898
ISIC_0027508,0.13325335779643874,False,0.2001355229591837
ISIC_0027513,0.18961296339473072,False,0.20001594387755103
ISIC_0027571,0.5253995885424909,True,0.20001594387755103
ISIC_0027593,0.29276747236275064,False,0.20001594387755103
ISIC_0027613,0.3261712921515965,True,0.20001594387755103
ISIC_0027629,0.3163753539693389,True,0.20001594387755103
ISIC_0027657,0.3207750733644053,True,0.20001594387755103
ISIC_0027658,0.26993436128480985,False,0.20001594387755103
ISIC_0027671,0.5363773206221776,False,0.20001594387755103
ISIC_0027675,0.18326317958378713,True,0.20015545280612246
ISIC_0027706,0.44448331351010983,True,0.20001594387755103
ISIC_0027712,0.5319034852546917,True,0.20001594387755103
ISIC_0027746,0.12429834678969627,False,0.20001594387755103
ISIC_0027761,0.6925292084910317,True,0.20001594387755103
ISIC_0027768,0.35259887562876024,True,0.2001155931122449
ISIC_0027770,0.09422756846724165,False,0.20015545280612246
ISIC_0027783,0.2178937929660257,True,0.2000358737244898
ISIC_0027785,0.6351155370782171,False,0.20001594387755103
ISIC_0027792,0.30886479591836735,False,0.2001155931122449
ISIC_0027793,0.4556035916195544,True,0.20001594387755103
ISIC_0027803,0.10291858678955453,False,0.20001594387755103
ISIC_0027815,0.10089001907183726,False,0.20001594387755103
ISIC_0027822,0.35765924189136383,False,0.20001594387755103
ISIC_0027833,0.11033586757771148,False,0.20001594387755103
ISIC_0027846,0.288603201586627,True,0.20001594387755103
ISIC_0027848,0.4012175798515553,True,0.20001594387755103
ISIC_0027863,0.2122485506400529,True,0.20001594387755103
ISIC_0027868,0.374066270829343,True,0.20001594387755103
ISIC_0027887,0.489273561177689,True,0.20001594387755103
ISIC_0027904,0.4204691329209943,True,0.20001594387755103
ISIC_0027905,0.07871662016739737,True,0.20001594387755103
ISIC_0027907,0.18697927958621116,True,0.20001594387755103
ISIC_0027950,0.036525447297673125,False,0.20001594387755103
ISIC_0027970,0.0438421681944998,True,0.20001594387755103
ISIC_0027971,0.14665587606220012,False,0.20001594387755103
ISIC_0028000,0.4124912839924295,True,0.20001594387755103
ISIC_0028003,0.017059878820702028,False,0.20001594387755103
ISIC_0028026,0.40303549818475193,True,0.2001355229591837
ISIC_0028032,0.32443204463929853,True,0.20001594387755103
ISIC_0028038,0.40444400159426064,True,0.20001594387755103
ISIC_0028039,0.5001924187030979,True,0.20001594387755103
ISIC_0028040,0.347919443210425,False,0.20001594387755103
ISIC_0028053,0.17154461332328436,False,0.2001355229591837
ISIC_0028075,0.11999176325233865,False,0.20001594387755103
ISIC_0028082,0.1116965776293823,False,0.20001594387755103
ISIC_0028084,0.22390722569134702,False,0.20001594387755103
ISIC_0028090,0.19410701736773417,False,0.20001594387755103
ISIC_0028096,0.45014737921312314,True,0.20001594387755103
ISIC_0028103,0.03973850448068165,False,0.20001594387755103
ISIC_0028108,0.6806975894813733,True,0.20001594387755103
ISIC_0028110,0.5209246711837385,True,0.20001594387755103
ISIC_0028112,0.1297242524200677,False,0.20001594387755103
ISIC_0028116,0.24518341379777106,False,0.20001594387755103
ISIC_0028122,0.2874439922016623,True,0.20001594387755103
ISIC_0028144,0.15415401107736287,False,0.2001155931122449
ISIC_0028154,0.0763252291749701,True,0.20001594387755103
ISIC_0028174,0.09284460052677787,False,0.2001355229591837
ISIC_0028177,0.4378698224852071,False,0.20001594387755103
ISIC_0028187,0.1571273371833724,False,0.20001594387755103
ISIC_0028194,0.42103279306445535,False,0.2001355229591837
ISIC_0028196,0.30178716490658003,False,0.2000358737244898
ISIC_0028218,0.07424834141062438,False,0.20001594387755103
ISIC_0028219,0.2050617776006377,True,0.20001594387755103
ISIC_0028236,0.05622627703845978,False,0.20001594387755103
ISIC_0028243,0.1311913357400722,False,0.20009566326530612
ISIC_0028248,0.22253751236080657,False,0.20001594387755103
ISIC_0028258,0.07486865148861646,False,0.20005580357142858
ISIC_0028275,0.17141829763188987,False,0.2001355229591837
ISIC_0028278,0.1585586466533027,False,0.20001594387755103
ISIC_0028282,0.43954954316877964,True,0.20001594387755103
ISIC_0028309,0.5139515609172115,True,0.20001594387755103
ISIC_0028312,0.23319438455272867,False,0.20001594387755103
ISIC_0028329,0.1442887404269187,False,0.20001594387755103
ISIC_0028336,0.126358066011019,False,0.20001594387755103
ISIC_0028359,0.15296279283417547,False,0.20001594387755103
ISIC_0028372,0.11604231577421927,False,0.20001594387755103
ISIC_0028378,0.5374237288135594,False,0.20001594387755103
ISIC_0028382,0.6402807564827452,True,0.20001594387755103
ISIC_0028401,0.8193233010639318,True,0.20001594387755103
ISIC_0028404,0.107102178785318,False,0.20001594387755103
ISIC_0028406,0.1688738424773474,True,0.20015545280612246
ISIC_0028408,0.5204380989634265,True,0.20001594387755103
ISIC_0028411,0.5742278312852873,True,0.20001594387755103
ISIC_0028434,0.04405315179681875,False,0.20001594387755103
ISIC_0028450,0.34849906191369606,True,0.2000358737244898
ISIC_0028452,0.06923558897243108,False,0.20001594387755103
ISIC_0028453,0.39462313970235235,False,0.20009566326530612
ISIC_0028467,0.5097043893699612,True,0.20001594387755103
ISIC_0028477,0.09701195219123505,True,0.20009566326530612
ISIC_0028487,0.07635439076862899,False,0.20001594387755103
ISIC_0028501,0.3385334428093223,True,0.20001594387755103
ISIC_0028522,0.46114895967593444,True,0.20001594387755103
ISIC_0028524,0.5298345957644149,False,0.20001594387755103
ISIC_0028573,0.10550603990408541,False,0.20001594387755103
ISIC_0028577,0.1101635470890095,False,0.2000358737244898
ISIC_0028602,0.42651094068810247,True,0.2001155931122449
ISIC_0028609,0.3641653442152195,False,0.20001594387755103
ISIC_0028613,0.4856899971663361,True,0.20001594387755103
ISIC_0028633,0.1993121895299962,True,0.20001594387755103
ISIC_0028638,0.3286609888810031,False,0.20001594387755103
ISIC_0028639,0.060873900824947876,False,0.20001594387755103
ISIC_0028641,0.30917545650448,True,0.20001594387755103
ISIC_0028652,0.09475233988852666,False,0.2001355229591837
ISIC_0028654,0.06424255861648467,False,0.2001355229591837
ISIC_0028658,0.26505276225946617,False,0.20001594387755103
ISIC_0028666,0.04510108864696734,False,0.20015545280612246
ISIC_0028667,0.058161756751884036,False,0.20001594387755103
ISIC_0028674,0.14655557208748698,False,0.20001594387755103
ISIC_0028675,0.3160618367614306,True,0.20001594387755103
ISIC_0028678,0.22444904878508193,False,0.2000358737244898
ISIC_0028701,0.2892404807186501,True,0.20001594387755103
ISIC_0028720,0.10273017138302112,True,0.20001594387755103
ISIC_0028722,0.4944052777957441,True,0.20001594387755103
ISIC_0028724,0.2985089463220676,True,0.20001594387755103
ISIC_0028730,0.26544107922232507,False,0.20009566326530612
ISIC_0028747,0.23856648731744812,True,0.20015545280612246
ISIC_0028753,0.37853881278538815,False,0.20001594387755103
ISIC_0028785,0.16618511507422537,True,0.2000358737244898
ISIC_0028792,0.02103279886184489,False,0.20001594387755103
ISIC_0028800,0.5529770710059172,True,0.20001594387755103
ISIC_0028807,0.172826359308444,False,0.2000358737244898
ISIC_0028825,0.15830199819758228,False,0.20001594387755103
ISIC_0028826,0.1101566447700859,False,0.20001594387755103
ISIC_0028838,0.12296478606588414,False,0.20001594387755103
ISIC_0028875,0.25881892460492195,False,0.20001594387755103
ISIC_0028884,0.036468712634515746,True,0.20001594387755103
ISIC_0028900,0.3276205049732211,False,0.20001594387755103
ISIC_0028905,0.19551792828685258,True,0.20009566326530612
ISIC_0028907,0.20511322132943755,False,0.2001155931122449
ISIC_0028913,0.42204910758307856,True,0.20005580357142858
ISIC_0028920,0.08686558244760319,False,0.20001594387755103
ISIC_0028922,0.03807415605976757,False,0.20001594387755103
ISIC_0028925,0.06780343330362021,False,0.20007573341836735
ISIC_0028947,0.4440756108805901,False,0.20001594387755103
ISIC_0028965,0.1340816202037455,True,0.20001594387755103
ISIC_0028968,0.09778652503302689,False,0.20001594387755103
ISIC_0028971,0.2719892844096278,True,0.2000358737244898
ISIC_0028984,0.02081501026092055,False,0.20015545280612246
ISIC_0028989,0.2682402185919423,False,0.20001594387755103
ISIC_0028992,0.17749306348947283,True,0.20001594387755103
ISIC_0028997,0.16387758178802955,False,0.20001594387755103
ISIC_0028999,0.203368134725389,False,0.20001594387755103
ISIC_0029014,0.24566834542346255,True,0.20001594387755103
ISIC_0029019,0.2409138753018389,False,0.20001594387755103
ISIC_0029043,0.03965216326280658,False,0.20001594387755103
ISIC_0029086,0.4006576325229175,True,0.20001594387755103
ISIC_0029095,0.3793103448275862,True,0.20007573341836735
ISIC_0029098,0.17941874258600238,True,0.20001594387755103
ISIC_0029100,0.229538914541926,False,0.20001594387755103
ISIC_0029153,0.42752293577981654,True,0.20001594387755103
ISIC_0029158,0.5785674179834763,True,0.20001594387755103
ISIC_0029164,0.3464991023339318,False,0.2000358737244898
ISIC_0029167,0.43607591171396276,False,0.20001594387755103
ISIC_0029201,0.6889747249979008,True,0.20001594387755103
ISIC_0029208,0.11747708250298924,True,0.20001594387755103
ISIC_0029253,0.37255956956187547,False,0.20001594387755103
ISIC_0029259,0.5270431666951032,True,0.20001594387755103
ISIC_0029283,0.6449169822312846,True,0.20001594387755103
ISIC_0029284,0.31892430278884465,True,0.20009566326530612
ISIC_0029286,0.187738017634748,False,0.20001594387755103
ISIC_0029298,0.28806133625410735,True,0.20015545280612246
ISIC_0029336,0.09131955743573056,False,0.20001594387755103
ISIC_0029342,0.10837201306515386,False,0.2001355229591837
ISIC_0029347,0.10376154594069033,False,0.20001594387755103
ISIC_0029357,0.12126345157433241,True,0.20001594387755103
ISIC_0029370,0.2062414598668841,True,0.20001594387755103
ISIC_0029402,0.2050617776006377,True,0.20001594387755103
ISIC_0029404,0.28447588680749303,True,0.20001594387755103
ISIC_0029406,0.06292347287147435,False,0.20001594387755103
ISIC_0029408,0.3584410717631628,False,0.20001594387755103
ISIC_0029413,0.08545099134320022,False,0.20001594387755103
ISIC_0029418,0.7283434650455927,True,0.20001594387755103
ISIC_0029423,0.44811790479984065,True,0.20001594387755103
ISIC_0029433,0.12660463399847116,False,0.20001594387755103
ISIC_0029443,0.168958273656068,False,0.20009566326530612
ISIC_0029450,0.4514194899949433,True,0.20001594387755103
ISIC_0029457,0.6445389790265137,True,0.20001594387755103
ISIC_0029465,0.4445882704371204,True,0.20015545280612246
ISIC_0029470,0.5393644859813084,True,0.20001594387755103
ISIC_0029475,0.061956621213507826,False,0.20001594387755103
ISIC_0029489,0.3045548770239229,False,0.20001594387755103
ISIC_0029490,0.21386933805432012,False,0.20001594387755103
ISIC_0029495,0.4661219609406138,True,0.20001594387755103
ISIC_0029507,0.1754462862607587,False,0.20001594387755103
ISIC_0029508,0.3251831727998683,False,0.20001594387755103
ISIC_0029515,0.31805157593123207,True,0.20001594387755103
ISIC_0029522,0.5443881101501143,True,0.20001594387755103
ISIC_0029528,0.22091182523349692,False,0.20001594387755103
ISIC_0029531,0.7428056079363778,True,0.20001594387755103
ISIC_0029537,0.08863871174605437,False,0.20001594387755103
ISIC_0029549,0.16393061433288378,False,0.20001594387755103
ISIC_0029556,0.15024212573982865,False,0.2001155931122449
ISIC_0029569,0.03256833692846282,False,0.20001594387755103
ISIC_0029572,0.46043943533697634,True,0.20001594387755103
ISIC_0029576,0.42036059368462997,True,0.20007573341836735
ISIC_0029594,0.15400821658063837,False,0.20001594387755103
ISIC_0029596,0.34501931405829334,True,0.20001594387755103
ISIC_0029612,0.36552536384285356,False,0.20015545280612246
ISIC_0029618,0.12759125907914834,False,0.20001594387755103
ISIC_0029619,0.4184825936752591,False,0.20005580357142858
ISIC_0029675,0.2936271590232281,True,0.20001594387755103
ISIC_0029676,0.2424860097098173,True,0.20001594387755103
ISIC_0029684,0.2956965253426841,False,0.20001594387755103
ISIC_0029700,0.5296589932180724,False,0.2000358737244898
ISIC_0029716,0.09824366924169467,False,0.20001594387755103
ISIC_0029722,0.4255098513653647,True,0.20007573341836735
ISIC_0029741,0.02526734897016411,False,0.20001594387755103
ISIC_0029750,0.5227591294725193,False,0.20001594387755103
ISIC_0029762,0.34958893871449925,False,0.20001594387755103
ISIC_0029769,0.3226768968456948,False,0.20001594387755103
ISIC_0029779,0.6422748061244781,True,0.20001594387755103
ISIC_0029799,0.20956658833328376,True,0.20001594387755103
ISIC_0029801,0.24313115603939867,True,0.20001594387755103
ISIC_0029810,0.13946856185777012,False,0.20001594387755103
ISIC_0029825,0.3177736109740452,False,0.20001594387755103
ISIC_0029836,0.5530091669988043,True,0.20001594387755103
ISIC_0029869,0.1926896436618543,False,0.2000358737244898
ISIC_0029871,0.14544359694901646,False,0.20001594387755103
ISIC_0029884,0.17331657765211017,False,0.20001594387755103
ISIC_0029894,0.08979180042190223,False,0.20001594387755103
ISIC_0029898,0.6867892976588629,True,0.20001594387755103
ISIC_0029909,0.09004451639012545,False,0.20005580357142858
ISIC_0029917,0.17495012192418533,True,0.20009566326530612
ISIC_0029924,0.033783783783783786,False,0.20001594387755103
ISIC_0029932,0.18876111040903154,True,0.20001594387755103
ISIC_0029965,0.2672379434037465,True,0.20001594387755103
ISIC_0029968,0.5558037882467217,True,0.20015545280612246
ISIC_0029975,0.35173375846950977,True,0.20001594387755103
ISIC_0029986,0.378779381022791,False,0.20009566326530612
ISIC_0029998,0.39790121508600285,True,0.2000358737244898
ISIC_0029999,0.40227136879856545,True,0.20001594387755103
ISIC_0030001,0.11362555861937815,False,0.20001594387755103
ISIC_0030016,0.41201673973694697,True,0.20001594387755103
ISIC_0030017,0.5469093466983206,True,0.20001594387755103
ISIC_0030032,0.776500638569604,True,0.20001594387755103
ISIC_0030044,0.1394300060439816,False,0.20001594387755103
ISIC_0030047,0.5670534857342291,True,0.20001594387755103
ISIC_0030060,0.48839436619718307,False,0.20001594387755103
ISIC_0030087,0.1290979943512924,False,0.20001594387755103
ISIC_0030106,0.08051888240712311,False,0.20001594387755103
ISIC_0030115,0.2800333431401393,False,0.20001594387755103
ISIC_0030128,0.2414184906111709,False,0.20001594387755103
ISIC_0030133,0.05729103358859041,False,0.2001155931122449
ISIC_0030176,0.18804081105514658,False,0.20001594387755103
ISIC_0030180,0.36441462285978715,True,0.20001594387755103
ISIC_0030185,0.20648287916103916,False,0.20001594387755103
ISIC_0030201,0.46781033153430995,True,0.20001594387755103
ISIC_0030206,0.5034328250343283,False,0.20001594387755103
ISIC_0030211,0.23915289256198347,True,0.20001594387755103
ISIC_0030220,0.22641509433962265,False,0.20001594387755103
ISIC_0030226,0.35632056674784146,False,0.20001594387755103
ISIC_0030248,0.036786368341428455,False,0.20001594387755103
ISIC_0030251,0.27879633320047825,True,0.20001594387755103
ISIC_0030252,0.7228150199560153,True,0.20015545280612246
ISIC_0030255,0.2055599840573934,True,0.20001594387755103
ISIC_0030265,0.2831223343037032,False,0.2001155931122449
ISIC_0030275,0.25229174970107615,True,0.20001594387755103
ISIC_0030278,0.2076843708544195,False,0.20001594387755103
ISIC_0030283,0.16550418493423674,True,0.20001594387755103
ISIC_0030296,0.4435813573180703,True,0.20001594387755103
ISIC_0030297,0.09199634417025722,False,0.20001594387755103
ISIC_0030303,0.012006957302362117,False,0.20001594387755103
ISIC_0030304,0.3926158064832044,True,0.20001594387755103
ISIC_0030313,0.5018450184501845,False,0.20001594387755103
ISIC_0030317,0.3541887031944151,False,0.20001594387755103
ISIC_0030321,0.23115143659537696,False,0.20001594387755103
ISIC_0030322,0.5311409630146545,False,0.20001594387755103
ISIC_0030323,0.4197938946140385,True,0.20001594387755103
ISIC_0030327,0.06963236750049502,False,0.20001594387755103
ISIC_0030336,0.3725091893983362,True,0.2001155931122449
ISIC_0030342,0.3164861612515042,False,0.20001594387755103
ISIC_0030344,0.018402562019023946,False,0.20001594387755103
ISIC_0030368,0.061685887330954946,False,0.20001594387755103
ISIC_0030371,0.1362096452770028,True,0.20001594387755103
ISIC_0030372,0.08532767496869348,False,0.20001594387755103
ISIC_0030380,0.026274378904201038,False,0.20001594387755103
ISIC_0030383,0.26005902252933133,False,0.20001594387755103
ISIC_0030385,0.06315056142939103,False,0.20001594387755103
ISIC_0030394,0.16653685477589747,False,0.2001355229591837
ISIC_0030398,0.23142250530785563,False,0.20001594387755103
ISIC_0030410,0.2279727095516569,False,0.20001594387755103
ISIC_0030411,0.6395759717314488,True,0.20001594387755103
ISIC_0030419,0.49276489808619883,False,0.20001594387755103
ISIC_0030433,0.4457503642544925,True,0.20001594387755103
ISIC_0030443,0.6177375913813005,True,0.20001594387755103
ISIC_0030447,0.7131932927952829,True,0.20001594387755103
ISIC_0030449,0.27665587585427265,False,0.20001594387755103
ISIC_0030450,0.5122418879056048,False,0.20001594387755103
ISIC_0030474,0.0773143866139746,False,0.20001594387755103
ISIC_0030483,0.07415542307290032,False,0.20001594387755103
ISIC_0030489,0.3575864588407209,False,0.20001594387755103
ISIC_0030528,0.3051037947904271,False,0.20001594387755103
ISIC_0030533,0.07458263360663835,False,0.20001594387755103
ISIC_0030538,0.6587751371115174,True,0.20005580357142858
ISIC_0030547,0.46810532030401736,True,0.20001594387755103
ISIC_0030568,0.5034788947054536,False,0.20001594387755103
ISIC_0030590,0.4143980200902606,True,0.20001594387755103
ISIC_0030599,0.5397948997186678,True,0.20001594387755103
ISIC_0030603,0.08439904777722416,True,0.20001594387755103
ISIC_0030604,0.12792035619590775,False,0.20001594387755103
ISIC_0030610,0.2726560339264313,True,0.20001594387755103
ISIC_0030630,0.673274230501046,True,0.20001594387755103
ISIC_0030637,0.0641752777561961,False,0.20007573341836735
ISIC_0030647,0.05247237638118094,False,0.20001594387755103
ISIC_0030653,0.4331406935033878,True,0.20001594387755103
ISIC_0030657,0.3893174494678254,True,0.20007573341836735
ISIC_0030659,0.1894695481335953,False,0.20001594387755103
ISIC_0030671,0.08250679347826087,False,0.20001594387755103
ISIC_0030686,0.32789007268744397,True,0.20001594387755103
ISIC_0030688,0.2023587004895416,True,0.20001594387755103
ISIC_0030693,0.05077090795826195,False,0.20001594387755103
ISIC_0030699,0.08071135430916553,False,0.20001594387755103
ISIC_0030716,0.6405068264414104,True,0.20001594387755103
ISIC_0030744,0.01096510568245289,False,0.20001594387755103
ISIC_0030746,0.3699993184761126,True,0.20001594387755103
ISIC_0030771,0.16994412439901244,True,0.20001594387755103
ISIC_0030779,0.5686102158413907,True,0.20001594387755103
ISIC_0030796,0.2736149860502192,True,0.20001594387755103
ISIC_0030817,0.43958551193079193,True,0.20001594387755103
ISIC_0030827,0.003850010026067776,False,0.20001594387755103
ISIC_0030831,0.4601611459265891,True,0.20001594387755103
ISIC_0030846,0.1970622796709753,False,0.20001594387755103
ISIC_0030864,0.45824330671676844,False,0.20001594387755103
ISIC_0030877,0.011852759428936713,False,0.20001594387755103
ISIC_0030881,0.1874855995523518,False,0.20001594387755103
ISIC_0030903,0.02950922599323311,False,0.20001594387755103
ISIC_0030906,0.12196237635084911,False,0.20001594387755103
ISIC_0030916,0.4358433927316855,True,0.2001355229591837
ISIC_0030917,0.4833570412517781,False,0.20001594387755103
ISIC_0030918,0.23572582506346643,False,0.20001594387755103
ISIC_0030924,0.14996576749281118,True,0.2001155931122449
ISIC_0030925,0.33679710230983906,True,0.20001594387755103
ISIC_0030928,0.4433101011092569,True,0.20001594387755103
ISIC_0030932,0.36638102829812674,True,0.20001594387755103
ISIC_0030946,0.08388694638694638,False,0.20001594387755103
ISIC_0030950,0.18896898575020957,True,0.20001594387755103
ISIC_0030961,0.6999127191938427,True,0.20001594387755103
ISIC_0030975,0.4476664713923062,True,0.20007573341836735
ISIC_0030986,0.03760802536153211,False,0.2000358737244898
ISIC_0030988,0.415423560256758,True,0.20001594387755103
ISIC_0031007,0.05558563436202851,False,0.20001594387755103
ISIC_0031033,0.06417310488354193,False,0.20001594387755103
ISIC_0031037,0.12190612125733935,False,0.2001155931122449
ISIC_0031039,0.34130671147573394,True,0.2001355229591837
ISIC_0031042,0.586670651524208,False,0.20001594387755103
ISIC_0031060,0.09860408658709285,False,0.20015545280612246
ISIC_0031062,0.31708058023847496,True,0.20001594387755103
ISIC_0031065,0.4381443298969072,False,0.20001594387755103
ISIC_0031078,0.12253688643157928,False,0.20007573341836735
ISIC_0031079,0.5225546780072904,True,0.20001594387755103
ISIC_0031084,0.4495669670195084,False,0.20001594387755103
ISIC_0031092,0.272593476531424,False,0.20001594387755103
ISIC_0031098,0.36836360027786047,True,0.20001594387755103
ISIC_0031102,0.2964951950254381,False,0.20005580357142858
ISIC_0031121,0.5873620098972212,True,0.20001594387755103
ISIC_0031128,0.10439902151830507,False,0.20001594387755103
ISIC_0031151,0.13497479816227306,False,0.20001594387755103
ISIC_0031185,0.15523891767415082,False,0.20001594387755103
ISIC_0031215,0.4,True,0.20005580357142858
ISIC_0031216,0.42710597235503783,True,0.20001594387755103
ISIC_0031219,0.48716212055907887,True,0.20001594387755103
ISIC_0031246,0.4369608885737918,False,0.20001594387755103
ISIC_0031249,0.5128928283642225,True,0.20001594387755103
ISIC_0031268,0.30224286137733425,True,0.20001594387755103
ISIC_0031280,0.14175783908286657,False,0.20001594387755103
ISIC_0031284,0.12004207660417053,False,0.2001355229591837
ISIC_0031288,0.6944522144522145,True,0.20001594387755103
ISIC_0031302,0.3472499003587087,False,0.20001594387755103
ISIC_0031307,0.3227215639163436,False,0.20001594387755103
ISIC_0031324,0.5027063097797879,True,0.20001594387755103
ISIC_0031329,0.18164607413312076,False,0.20001594387755103
ISIC_0031350,0.3465045592705167,True,0.20009566326530612
ISIC_0031356,0.5053806297329614,True,0.20001594387755103
ISIC_0031362,0.0721114088187622,False,0.20001594387755103
ISIC_0031368,0.10255888142265662,True,0.20001594387755103
ISIC_0031377,0.28579958204796496,False,0.20001594387755103
ISIC_0031380,0.5974368932038835,True,0.20015545280612246
ISIC_0031384,0.3270754716981132,True,0.20001594387755103
ISIC_0031397,0.12496791745803604,False,0.20001594387755103
ISIC_0031403,0.5181224004753416,True,0.20001594387755103
ISIC_0031407,0.20601512244667644,True,0.20015545280612246
ISIC_0031429,0.1421593219443931,True,0.20001594387755103
ISIC_0031431,0.0711620237785299,False,0.20001594387755103
ISIC_0031435,0.3252291749701076,True,0.20001594387755103
ISIC_0031458,0.15076245873290364,False,0.2001355229591837
ISIC_0031464,0.11887972986393883,True,0.20001594387755103
ISIC_0031465,0.08016710293223342,False,0.20001594387755103
ISIC_0031499,0.4300833145687908,True,0.20001594387755103
ISIC_0031514,0.3643031784841076,False,0.20001594387755103
ISIC_0031540,0.556145251396648,True,0.20001594387755103
ISIC_0031551,0.21046233481039958,False,0.20005580357142858
ISIC_0031562,0.35892074870569496,False,0.20001594387755103
ISIC_0031574,0.4201013010229417,True,0.2001155931122449
ISIC_0031581,0.044002411091018684,False,0.20001594387755103
ISIC_0031588,0.12016735104981793,False,0.20001594387755103
ISIC_0031601,0.5964745869891708,True,0.20001594387755103
ISIC_0031602,0.5900829362978648,True,0.20015545280612246
ISIC_0031605,0.3386031805077653,True,0.20001594387755103
ISIC_0031644,0.5056695717364821,True,0.20001594387755103
ISIC_0031652,0.5309079201545396,True,0.20001594387755103
ISIC_0031656,0.32395111058878834,False,0.20001594387755103
ISIC_0031672,0.05908387762117566,False,0.20001594387755103
ISIC_0031674,0.048757856929063155,False,0.20001594387755103
ISIC_0031682,0.0777920007186328,False,0.20001594387755103
ISIC_0031683,0.24433600557685606,False,0.20001594387755103
ISIC_0031696,0.6086475862916104,True,0.20001594387755103
ISIC_0031697,0.2876916948814977,True,0.20001594387755103
ISIC_0031698,0.193331208668632,True,0.20001594387755103
ISIC_0031705,0.030091669988043045,True,0.20001594387755103
ISIC_0031738,0.08888460054033191,False,0.20001594387755103
ISIC_0031769,0.14168991630131528,True,0.20001594387755103
ISIC_0031770,0.4026158307113332,False,0.20001594387755103
ISIC_0031777,0.46676700782661046,True,0.20001594387755103
ISIC_0031789,0.10017609078458227,False,0.20001594387755103
ISIC_0031805,0.6684220083530052,True,0.20001594387755103
ISIC_0031816,0.4125662376987131,False,0.20001594387755103
ISIC_0031819,0.376407436501702,True,0.20001594387755103
ISIC_0031821,0.34555599840573936,True,0.20001594387755103
ISIC_0031826,0.5130832415953933,True,0.20001594387755103
ISIC_0031850,0.1884933666097465,False,0.20001594387755103
ISIC_0031864,0.13032325764421254,False,0.20001594387755103
ISIC_0031877,0.582867613376088,True,0.20001594387755103
ISIC_0031895,0.4208269525267994,False,0.20001594387755103
ISIC_0031900,0.12800724759252424,False,0.20005580357142858
ISIC_0031902,0.4256251868088074,True,0.2000358737244898
ISIC_0031903,0.15371849393216472,False,0.20001594387755103
ISIC_0031909,0.39776803507373454,True,0.20001594387755103
ISIC_0031911,0.7859629316022203,True,0.20001594387755103
ISIC_0031913,0.1415791923057035,False,0.20001594387755103
ISIC_0031920,0.152839250400226,True,0.20001594387755103
ISIC_0031939,0.3455196535642905,False,0.20001594387755103
ISIC_0031958,0.22791355460290802,False,0.20001594387755103
ISIC_0031974,0.2862694300518135,True,0.20001594387755103
ISIC_0031980,0.1279054668224906,False,0.20001594387755103
ISIC_0031983,0.270978558192888,False,0.2000358737244898
ISIC_0031988,0.1515393045730796,True,0.2000358737244898
ISIC_0031992,0.48523435383364943,True,0.20001594387755103
ISIC_0031997,0.5598282442748092,True,0.20001594387755103
ISIC_0032003,0.5709177592371871,True,0.20001594387755103
ISIC_0032006,0.03842495719992391,False,0.20001594387755103
ISIC_0032012,0.3566082802547771,False,0.20001594387755103
ISIC_0032024,0.057538284103286985,False,0.20001594387755103
ISIC_0032034,0.43069109739095796,True,0.2001355229591837
ISIC_0032035,0.6219665474233781,True,0.20001594387755103
ISIC_0032036,0.07123950197705957,False,0.20009566326530612
ISIC_0032053,0.5252342097310365,True,0.20009566326530612
ISIC_0032054,0.411172888535875,False,0.20001594387755103
ISIC_0032056,0.36117451753475827,False,0.20001594387755103
ISIC_0032071,0.10189101427129096,True,0.20001594387755103
ISIC_0032105,0.06466540104413858,False,0.20001594387755103
ISIC_0032106,0.47294642857142855,False,0.20001594387755103
ISIC_0032108,0.2928345626975764,False,0.20001594387755103
ISIC_0032118,0.08839933673579257,False,0.20005580357142858
ISIC_0032129,0.39612854927543983,True,0.20001594387755103
ISIC_0032141,0.22992292391844854,False,0.20001594387755103
ISIC_0032184,0.6807367006560746,True,0.20001594387755103
ISIC_0032186,0.1450214846643947,False,0.20001594387755103
ISIC_0032194,0.48677509446361095,False,0.20001594387755103
ISIC_0032197,0.0058576202968340105,False,0.20001594387755103
ISIC_0032202,0.5194375516956162,True,0.20001594387755103
ISIC_0032209,0.16279502816442437,False,0.20001594387755103
ISIC_0032211,0.0995114769457271,False,0.20001594387755103
ISIC_0032218,0.514172335600907,True,0.2001155931122449
ISIC_0032233,0.1893548659846115,False,0.20001594387755103
ISIC_0032241,0.48986228003060445,False,0.20001594387755103
ISIC_0032243,0.06825232678386763,False,0.20001594387755103
ISIC_0032247,0.09347234065964295,False,0.20001594387755103
ISIC_0032261,0.09567062818336163,False,0.20001594387755103
ISIC_0032263,0.3904903142089165,False,0.20001594387755103
ISIC_0032269,0.06255612092187968,False,0.20001594387755103
ISIC_0032271,0.12108778209437339,False,0.20001594387755103
ISIC_0032282,0.45107851596203624,False,0.20001594387755103
ISIC_0032315,0.21810576635793247,True,0.2001155931122449
ISIC_0032320,0.21546025676044797,True,0.20001594387755103
ISIC_0032324,0.0817552072250987,False,0.20001594387755103
ISIC_0032326,0.04684394814043721,False,0.20001594387755103
ISIC_0032339,0.13740666234784685,False,0.2001355229591837
ISIC_0032342,0.3023811895984856,True,0.20001594387755103
ISIC_0032349,0.31578412440288645,True,0.20001594387755103
ISIC_0032354,0.3938509437633781,True,0.20001594387755103
ISIC_0032355,0.33280451260356075,True,0.20001594387755103
ISIC_0032374,0.0060914170559677565,False,0.20001594387755103
ISIC_0032383,0.4195791565068184,False,0.20001594387755103
ISIC_0032384,0.18544670000980681,False,0.20001594387755103
ISIC_0032392,0.10386694632359457,False,0.20001594387755103
ISIC_0032418,0.16505703270935176,False,0.20001594387755103
ISIC_0032428,0.5871835324167981,True,0.20001594387755103
ISIC_0032433,0.1955519756566877,False,0.20001594387755103
ISIC_0032438,0.23811945085461728,False,0.20001594387755103
ISIC_0032462,0.41140847821840204,False,0.20001594387755103
ISIC_0032468,0.45165995277121823,True,0.20005580357142858
ISIC_0032482,0.24121691626636527,True,0.20005580357142858
ISIC_0032484,0.06066008609818672,False,0.20015545280612246
ISIC_0032501,0.14452019295937488,False,0.20001594387755103
ISIC_0032510,0.3201464232160183,False,0.20001594387755103
ISIC_0032519,0.13490315658704613,True,0.20001594387755103
ISIC_0032523,0.4413282954605928,True,0.20001594387755103
ISIC_0032528,0.5001705611461709,True,0.20001594387755103
ISIC_0032543,0.33356390337341707,True,0.20001594387755103
ISIC_0032557,0.7747624269005848,True,0.20001594387755103
ISIC_0032561,0.5627903932988679,True,0.2001155931122449
ISIC_0032563,0.0951229580704134,False,0.20001594387755103
ISIC_0032574,0.4970952260671887,True,0.20001594387755103
ISIC_0032581,0.343858929669879,False,0.20001594387755103
ISIC_0032598,0.6010619716341787,True,0.20001594387755103
ISIC_0032602,0.408889803477724,False,0.20001594387755103
ISIC_0032634,0.562862669245648,True,0.20001594387755103
ISIC_0032641,0.11959768970324637,True,0.2001355229591837
ISIC_0032642,0.23696930871818764,False,0.20001594387755103
ISIC_0032645,0.4370588235294118,True,0.20001594387755103
ISIC_0032649,0.3599043443603029,True,0.20001594387755103
ISIC_0032653,0.09754882423276205,True,0.20001594387755103
ISIC_0032668,0.5985033477747145,True,0.20001594387755103
ISIC_0032681,0.10485883125410374,False,0.20001594387755103
ISIC_0032682,0.5133831685555823,True,0.20001594387755103
ISIC_0032690,0.2318869035931671,False,0.2001355229591837
ISIC_0032694,0.19808635141546735,False,0.20001594387755103
ISIC_0032706,0.7587285484825429,True,0.20001594387755103
ISIC_0032713,0.1817457154244719,True,0.20001594387755103
ISIC_0032714,0.4844615043921163,False,0.20001594387755103
ISIC_0032720,0.25057265212628227,True,0.2001155931122449
ISIC_0032722,0.30943361360066524,True,0.20001594387755103
ISIC_0032724,0.5088099364529174,True,0.20001594387755103
ISIC_0032739,0.17749542035312,False,0.20001594387755103
ISIC_0032745,0.6963005448809865,True,0.2001355229591837
ISIC_0032748,0.5052357502688628,True,0.20001594387755103
ISIC_0032754,0.28816261458748504,True,0.20001594387755103
ISIC_0032770,0.40110924036842627,True,0.20009566326530612
ISIC_0032785,0.46841738784442455,False,0.20001594387755103
ISIC_0032807,0.15818115515161715,False,0.20001594387755103
ISIC_0032809,0.04077103708100018,False,0.20001594387755103
ISIC_0032822,0.6836617478130247,True,0.20001594387755103
ISIC_0032827,0.09247424786249964,False,0.20001594387755103
ISIC_0032830,0.10888106882977454,False,0.2001355229591837
ISIC_0032834,0.45539172810196177,True,0.20001594387755103
ISIC_0032837,0.20418759904244918,False,0.20001594387755103
ISIC_0032843,0.616895742541066,True,0.20015545280612246
ISIC_0032862,0.589077767367153,True,0.20001594387755103
ISIC_0032873,0.3115858491245767,True,0.20001594387755103
ISIC_0032874,0.5235268568119299,False,0.20001594387755103
ISIC_0032886,0.21612196094061378,True,0.20001594387755103
ISIC_0032891,0.1344353714399522,True,0.2001355229591837
ISIC_0032909,0.29204733315931436,True,0.20001594387755103
ISIC_0032918,0.27691170541593874,False,0.20001594387755103
ISIC_0032923,0.37198194415284486,True,0.20001594387755103
ISIC_0032973,0.3263387770603874,False,0.20001594387755103
ISIC_0032982,0.23625498007968126,True,0.20009566326530612
ISIC_0032986,0.22493042463416824,False,0.20001594387755103
ISIC_0032995,0.1109282422646478,False,0.20001594387755103
ISIC_0033007,0.11245913262693505,False,0.20001594387755103
ISIC_0033013,0.15692003948667324,False,0.2001355229591837
ISIC_0033022,0.5677770794049863,False,0.20001594387755103
ISIC_0033033,0.45298804780876495,True,0.20009566326530612
ISIC_0033036,0.5937293971137646,False,0.20001594387755103
ISIC_0033042,0.36857790735341756,False,0.20015545280612246
ISIC_0033071,0.25444009005253065,False,0.20005580357142858
ISIC_0033073,0.595709974716581,True,0.20001594387755103
ISIC_0033074,0.5961739410015272,True,0.20001594387755103
ISIC_0033083,0.7156494287432351,True,0.2001355229591837
ISIC_0033086,0.4290998065323774,False,0.20001594387755103
ISIC_0033092,0.5825763310623265,True,0.20001594387755103
ISIC_0033109,0.5072678730347078,True,0.20001594387755103
ISIC_0033129,0.1794664285315622,True,0.20001594387755103
ISIC_0033133,0.16271422877640493,True,0.20001594387755103
ISIC_0033134,0.33098402109000913,False,0.20001594387755103
ISIC_0033144,0.3179645488946425,True,0.2001355229591837
ISIC_0033148,0.5051412020275163,True,0.20001594387755103
ISIC_0033159,0.7674116665121024,True,0.20001594387755103
ISIC_0033177,0.6103805538951983,True,0.20001594387755103
ISIC_0033180,0.5114032466885768,True,0.2001155931122449
ISIC_0033182,0.46955975970590874,True,0.20005580357142858
ISIC_0033196,0.5755701584847314,True,0.20001594387755103
ISIC_0033208,0.27869669190912716,True,0.20001594387755103
ISIC_0033214,0.8113664930867301,True,0.20001594387755103
ISIC_0033227,0.5068752491032283,True,0.20001594387755103
ISIC_0033229,0.23624950179354323,True,0.20001594387755103
ISIC_0033233,0.5187789675563369,True,0.2001355229591837
ISIC_0033241,0.11669062163133309,False,0.20007573341836735
ISIC_0033244,0.24780876494023904,True,0.20001594387755103
ISIC_0033246,0.25234474506928095,False,0.20001594387755103
ISIC_0033255,0.608102727453713,True,0.20001594387755103
ISIC_0033267,0.22739199526959608,True,0.20001594387755103
ISIC_0033283,0.5098078263467092,False,0.20001594387755103
ISIC_0033298,0.39447987245914706,True,0.20001594387755103
ISIC_0033304,0.7712345334449716,True,0.20001594387755103
ISIC_0033312,0.2534369396294083,False,0.20001594387755103
ISIC_0033337,0.47628519922919127,False,0.20001594387755103
ISIC_0033345,0.5935225077997326,True,0.20001594387755103
ISIC_0033347,0.3138700677560781,True,0.20001594387755103
ISIC_0033352,0.737424046219743,True,0.20001594387755103
ISIC_0033359,0.27303537386147003,True,0.20009566326530612
ISIC_0033362,0.5437849813432836,True,0.20001594387755103
ISIC_0033365,0.796824491348165,True,0.20001594387755103
ISIC_0033383,0.5504871567759079,True,0.20001594387755103
ISIC_0033384,0.6313617606602476,True,0.20001594387755103
ISIC_0033390,0.5415205410821643,True,0.20001594387755103
ISIC_0033392,0.5809778219544014,True,0.20001594387755103
ISIC_0033394,0.12081931525826242,False,0.20001594387755103
ISIC_0033397,0.31076005302695536,True,0.20001594387755103
ISIC_0033398,0.11677959346353128,True,0.20001594387755103
ISIC_0033406,0.479382318004412,False,0.20001594387755103
ISIC_0033413,0.3492274634196255,True,0.20001594387755103
ISIC_0033414,0.5837796480489671,True,0.20001594387755103
ISIC_0033425,0.0780211809081677,False,0.20001594387755103
ISIC_0033439,0.10701474691111997,True,0.20001594387755103
ISIC_0033447,0.4388202471104026,True,0.20001594387755103
ISIC_0033449,0.08242778541953233,False,0.20001594387755103
ISIC_0033455,0.3166799363057325,True,0.20005580357142858
ISIC_0033456,0.128930286431312,False,0.20001594387755103
ISIC_0033493,0.12455161418891988,True,0.20001594387755103
ISIC_0033494,0.5292023477340517,True,0.20001594387755103
ISIC_0033509,0.2754930254930255,True,0.20001594387755103
ISIC_0033511,0.3375846950976485,True,0.20001594387755103
ISIC_0033532,0.6756909725497594,True,0.20001594387755103
ISIC_0033542,0.7211284161034381,True,0.20097257653061223
ISIC_0033588,0.7513712880650653,True,0.20001594387755103
ISIC_0033594,0.5408033152693656,True,0.20001594387755103
ISIC_0033603,0.2443091091388466,False,0.20001594387755103
ISIC_0033632,0.21990833001195695,False,0.20001594387755103
ISIC_0033639,0.710295216741405,True,0.2001155931122449
ISIC_0033640,0.5887803905938621,True,0.20001594387755103
ISIC_0033651,0.5395226625793738,True,0.20001594387755103
ISIC_0033659,0.29311683270798294,True,0.20001594387755103
ISIC_0033668,0.1543714619462665,False,0.20001594387755103
ISIC_0033675,0.08234487487144326,False,0.20001594387755103
ISIC_0033676,0.044124428049515836,False,0.20001594387755103
ISIC_0033687,0.5991455372898672,False,0.20001594387755103
ISIC_0033696,0.3444690440420653,False,0.20001594387755103
ISIC_0033720,0.34862476417436206,True,0.20001594387755103
ISIC_0033744,0.2845426476263991,True,0.20001594387755103
ISIC_0033772,0.4198272624859181,False,0.20001594387755103
ISIC_0033790,0.052201118419431924,False,0.20001594387755103
ISIC_0033817,0.33816240945482273,True,0.20001594387755103
ISIC_0033822,0.3121069182389937,False,0.20001594387755103
ISIC_0033836,0.19382470119521913,True,0.20009566326530612
ISIC_0033839,0.25343557060346544,True,0.2001355229591837
ISIC_0033842,0.4502288329519451,False,0.20001594387755103
ISIC_0033858,0.46143497757847535,False,0.20001594387755103
ISIC_0033863,0.3310025205301244,False,0.20015545280612246
ISIC_0033873,0.3633284241531664,False,0.20001594387755103
ISIC_0033896,0.36834260731319557,False,0.20015545280612246
ISIC_0033906,0.2003893235503313,False,0.20001594387755103
ISIC_0033919,0.5948676351301526,False,0.20001594387755103
ISIC_0033927,0.45785679440620086,True,0.20001594387755103
ISIC_0033933,0.41008872221714077,True,0.2001355229591837
ISIC_0033955,0.08616070244316523,False,0.20001594387755103
ISIC_0033962,0.6492090006878255,False,0.20009566326530612
ISIC_0033982,0.3395775209246712,True,0.20001594387755103
ISIC_0034025,0.3158784882586353,True,0.20001594387755103
ISIC_0034053,0.3315406831988846,True,0.2001155931122449
ISIC_0034056,0.3507270233196159,False,0.20001594387755103
ISIC_0034085,0.42787433521574647,True,0.20001594387755103
ISIC_0034087,0.39577520924671183,True,0.20001594387755103
ISIC_0034090,0.39464713135562485,True,0.20001594387755103
ISIC_0034093,0.12961648735345047,False,0.20001594387755103
ISIC_0034109,0.6970829027899214,True,0.20001594387755103
ISIC_0034113,0.15805206127786772,False,0.2001355229591837
ISIC_0034180,0.3907208808854734,True,0.20001594387755103
ISIC_0034184,0.38579567890788063,True,0.20001594387755103
ISIC_0034210,0.7746837592325325,True,0.20001594387755103
ISIC_0034213,0.4853731343283582,True,0.20001594387755103
ISIC_0034220,0.6449098422238918,False,0.20005580357142858
ISIC_0034233,0.3560053829763373,False,0.20001594387755103
ISIC_0034247,0.37607002950137836,False,0.20001594387755103
ISIC_0034248,0.4441568783595461,True,0.20001594387755103
ISIC_0034249,0.48989547038327524,True,0.20001594387755103
ISIC_0034255,0.6001272033436308,False,0.20001594387755103
ISIC_0034270,0.3163611000398565,True,0.20001594387755103
ISIC_0034271,0.3129896907216495,True,0.20001594387755103
ISIC_0034289,0.6672955381567777,False,0.20001594387755103
ISIC_0034301,0.06446791550418493,True,0.20001594387755103
ISIC_0034309,0.0332052214258509,False,0.20001594387755103
